variant,model,train_data,selected_threshold,validation_f1,validation_recall,validation_precision,validation_pr_auc,validation_mcc,test_oracle_threshold,test_oracle_f1,test_oracle_recall,test_oracle_precision,test_f1,test_recall,test_precision,test_accuracy,test_balanced_accuracy,test_roc_auc,test_pr_auc,test_average_precision,test_mcc,test_tp,test_fp,test_fn,test_tn,error
with_billing_zip,BalancedBagging_tree_depthnone_leaf25,original,0.51,0.15752461322081576,0.5137614678899083,0.09302325581395349,0.08488631441387806,0.08608473845697157,0.51,0.16045845272206305,0.5137614678899083,0.09507640067911714,0.16045845272206305,0.5137614678899083,0.09507640067911714,0.6528436018957346,0.5881030265352012,0.5776301340414036,0.0832145133535432,0.0832145133535432,0.09085914457557598,56.0,533.0,53.0,1046.0,
with_billing_zip,BalancedBagging_tree_depthnone_leaf10,original,0.49,0.14942528735632185,0.47706422018348627,0.08858603066439523,0.07743464236912656,0.07123884447602469,0.57,0.16292134831460675,0.26605504587155965,0.11740890688259109,0.1553956834532374,0.4954128440366973,0.09215017064846416,0.6522511848341233,0.5792453707200587,0.5966934129718611,0.09425200785915346,0.09425200785915346,0.0818217202083392,54.0,532.0,55.0,1047.0,
with_billing_zip,BalancedBagging_tree_depth5_leaf25,original,0.49,0.15772179627601315,0.6605504587155964,0.08955223880597014,0.08525358132411495,0.09680575966416562,0.49,0.14412416851441243,0.5963302752293578,0.08196721311475409,0.14412416851441243,0.5963302752293578,0.08196721311475409,0.542654028436019,0.5676394884696504,0.5691385210707045,0.08203500489531579,0.08203500489531579,0.06661722117397811,65.0,728.0,44.0,851.0,
without_billing_zip,EasyEnsemble_n10,original,0.55,0.1680327868852459,0.3761467889908257,0.10817941952506596,0.10591189230391285,0.09539564052649441,0.55,0.14311926605504588,0.3577981651376147,0.08944954128440367,0.14311926605504588,0.3577981651376147,0.08944954128440367,0.7233412322274881,0.5531866063180158,0.552149484925426,0.0816895240393907,0.0816895240393907,0.05972981652552176,39.0,397.0,70.0,1182.0,
with_billing_zip,BalancedBagging_tree_depth5_leaf10,original,0.55,0.15348837209302327,0.30275229357798167,0.102803738317757,0.08744859616604915,0.0753091801169899,0.51,0.1554140127388535,0.5596330275229358,0.09023668639053255,0.14258188824662812,0.3394495412844037,0.09024390243902439,0.7363744075829384,0.5516120410665211,0.5726159280929168,0.08709473180015634,0.08709473180015634,0.059159975916493926,37.0,373.0,72.0,1206.0,
with_billing_zip,LogisticRegression_SMOTE_C0.1,resampled,0.51,0.16149068322981366,0.23853211009174313,0.12206572769953052,0.0969174343029906,0.08884021385850538,0.45,0.1476510067114094,0.30275229357798167,0.09763313609467456,0.13580246913580246,0.2018348623853211,0.10232558139534884,0.8341232227488151,0.5398028016803109,0.5834897246544382,0.08265727130082301,0.08265727130082301,0.05868503243788562,22.0,193.0,87.0,1386.0,
with_billing_zip,CatBoost_encoded_depth4_lr0.03,original,0.47,0.13533834586466165,0.5779816513761468,0.07664233576642336,0.07711347483005596,0.047704949328848806,0.53,0.1468189233278956,0.41284403669724773,0.08928571428571429,0.1348314606741573,0.6055045871559633,0.07586206896551724,0.4982227488151659,0.5481607799617689,0.5673315476640075,0.08811880910503511,0.08811880910503511,0.047368708419129116,66.0,804.0,43.0,775.0,
without_billing_zip,BalancedBagging_tree_depth5_leaf25,original,0.53,0.16151202749140894,0.43119266055045874,0.09936575052854123,0.09230303748407144,0.0882418347251051,0.51,0.13987730061349693,0.5229357798165137,0.08073654390934844,0.13392857142857142,0.41284403669724773,0.07992895204262877,0.6552132701421801,0.5423941526108151,0.5575093980047761,0.08426818946984804,0.08426818946984804,0.044198731961504666,45.0,518.0,64.0,1061.0,
with_billing_zip,GradientBoosting_SMOTE_depth2_lr0.05,resampled,0.31,0.15213946117274169,0.44036697247706424,0.09195402298850575,0.0844596445846316,0.074448413531209,0.33,0.14023372287145242,0.3853211009174312,0.08571428571428572,0.1339031339031339,0.43119266055045874,0.07925801011804384,0.6398104265402843,0.542702093416458,0.5489567778933362,0.0777451505045439,0.0777451505045439,0.04396925120452439,47.0,546.0,62.0,1033.0,
without_billing_zip,LogisticRegression_SMOTE_C0.1,resampled,0.37,0.15083798882681565,0.4954128440366973,0.08896210873146623,0.1000258049048958,0.0742568292256277,0.53,0.1660377358490566,0.2018348623853211,0.14102564102564102,0.1334981458590853,0.4954128440366973,0.07714285714285714,0.5847156398104265,0.5431465740132821,0.5783070227934298,0.08905553281669255,0.08905553281669255,0.04304801538768082,54.0,646.0,55.0,933.0,
with_billing_zip,CatBoost_native_depth4_lr0.03,native_categorical,0.49,0.14153132250580047,0.5596330275229358,0.08100929614873838,0.08464972243835206,0.05988962521727453,0.53,0.13870967741935483,0.3944954128440367,0.08414872798434442,0.13333333333333333,0.5779816513761468,0.07535885167464115,0.5148104265402843,0.5442156515272121,0.5574135296407552,0.08034813194241297,0.08034813194241297,0.043469776008261615,63.0,773.0,46.0,806.0,
without_billing_zip,LogisticRegression_SMOTE_C1.0,resampled,0.37,0.15428571428571428,0.4954128440366973,0.09137055837563451,0.10008539566027697,0.07992888987092546,0.53,0.1708185053380783,0.22018348623853212,0.13953488372093023,0.13283208020050125,0.48623853211009177,0.07692307692307693,0.590047393364929,0.5417259791646089,0.5746524045528757,0.08790771336475592,0.08790771336475592,0.04173001025460626,53.0,636.0,56.0,943.0,
without_billing_zip,CatBoost_encoded_depth4_lr0.03,original,0.49,0.1426872770511296,0.5504587155963303,0.08196721311475409,0.0832570816989365,0.06180715108804047,0.49,0.13262032085561498,0.5688073394495413,0.07506053268765134,0.13262032085561498,0.5688073394495413,0.07506053268765134,0.5195497630331753,0.542478400567076,0.5365665181191208,0.07518695171904125,0.07518695171904125,0.04176945503001366,62.0,764.0,47.0,815.0,
with_billing_zip,BalancedBagging_tree_depth3_leaf10,original,0.51,0.15647921760391198,0.5871559633027523,0.09026798307475317,0.09586886625624197,0.08885771477220536,0.49,0.14418125643666324,0.6422018348623854,0.08120649651972157,0.1320973348783314,0.5229357798165137,0.07559681697612732,0.5562796208530806,0.5407585802185799,0.5609955203328085,0.08540496734843986,0.08540496734843986,0.040298997822599374,57.0,697.0,52.0,882.0,
with_billing_zip,CatBoost_native_depth3_lr0.03,native_categorical,0.55,0.16521739130434782,0.3486238532110092,0.10826210826210826,0.10379488408466303,0.09100947458598165,0.49,0.13678756476683937,0.6055045871559633,0.07710280373831775,0.13127413127413126,0.3119266055045872,0.08312958435207823,0.7334123222748815,0.5372172609536869,0.5476581973261442,0.07905916402047679,0.07905916402047679,0.04269546923880751,34.0,375.0,75.0,1204.0,
with_billing_zip,EasyEnsemble_n10,original,0.53,0.1697530864197531,0.5045871559633027,0.10204081632653061,0.09662381619578395,0.104323204657747,0.55,0.15498154981549817,0.3853211009174312,0.09699769053117784,0.13123359580052493,0.45871559633027525,0.07656967840735068,0.6078199052132701,0.5384141629529781,0.5625875161959433,0.08453463551610771,0.08453463551610771,0.03877027829693527,50.0,603.0,59.0,976.0,
with_billing_zip,CatBoost_encoded_depth3_lr0.03,original,0.49,0.1446051167964405,0.5963302752293578,0.08227848101265822,0.07756541892272598,0.06744071705211122,0.55,0.16768916155419222,0.3761467889908257,0.10789473684210527,0.13107822410147993,0.5688073394495413,0.07407407407407407,0.5130331753554502,0.5389951833409834,0.5656175375193917,0.08775649255524626,0.08775649255524626,0.038336968425708856,62.0,775.0,47.0,804.0,
without_billing_zip,BalancedBagging_tree_depthnone_leaf25,original,0.55,0.1568627450980392,0.3302752293577982,0.10285714285714286,0.09311750120834315,0.07959685874844509,0.53,0.14262023217247097,0.3944954128440367,0.08704453441295547,0.13008130081300814,0.29357798165137616,0.0835509138381201,0.7464454976303317,0.5356426957021923,0.5657686028202731,0.0834192311641623,0.0834192311641623,0.04183118906008662,32.0,351.0,77.0,1228.0,
without_billing_zip,BalancedBagging_tree_depth3_leaf25,original,0.51,0.1602787456445993,0.6330275229357798,0.09175531914893617,0.09736447997273447,0.09901901758694573,0.49,0.13786008230452676,0.6146788990825688,0.0776361529548088,0.12984054669703873,0.5229357798165137,0.0741222366710013,0.54739336492891,0.5360087385466357,0.5499561329607057,0.0795963462939962,0.0795963462939962,0.0355403165402629,57.0,712.0,52.0,867.0,
with_billing_zip,RUSBoost_n100_lr0.05,original,0.13,0.16489361702127658,0.28440366972477066,0.11610486891385768,0.07925657254660853,0.09082577274931365,0.13,0.12774869109947645,0.5596330275229358,0.07210401891252956,0.12774869109947645,0.5596330275229358,0.07210401891252956,0.5065165876777251,0.5312414662630511,0.5346230049212426,0.06992062583332509,0.06992062583332509,0.03071315919983632,61.0,785.0,48.0,794.0,
without_billing_zip,RUSBoost_n100_lr0.05,original,0.13,0.16489361702127658,0.28440366972477066,0.11610486891385768,0.07925657254660853,0.09082577274931365,0.13,0.12774869109947645,0.5596330275229358,0.07210401891252956,0.12774869109947645,0.5596330275229358,0.07210401891252956,0.5065165876777251,0.5312414662630511,0.5346230049212426,0.06992062583332509,0.06992062583332509,0.03071315919983632,61.0,785.0,48.0,794.0,
without_billing_zip,LogisticRegression_balanced_C0.1,original,0.47,0.1478743068391867,0.7339449541284404,0.08221993833504625,0.10208286864655666,0.0836123920896716,0.57,0.1506849315068493,0.30275229357798167,0.10030395136778116,0.1275831087151842,0.6513761467889908,0.07071713147410359,0.42476303317535546,0.5302479213995619,0.560521988716584,0.08123365640143952,0.08123365640143952,0.030285513258907517,71.0,933.0,38.0,646.0,
without_billing_zip,LogisticRegression_balanced_C1.0,original,0.47,0.15019011406844107,0.7247706422018348,0.08377518557794274,0.10051769686255836,0.08775894278676427,0.57,0.13973799126637554,0.29357798165137616,0.09169054441260745,0.12730627306273062,0.6330275229357798,0.07076923076923076,0.4395734597156398,0.5296233244824561,0.5558912562241809,0.07897202629561506,0.07897202629561506,0.029479562404390782,69.0,906.0,40.0,673.0,
without_billing_zip,RandomForest_balanced_depth5,original,0.49,0.15446071904127828,0.5321100917431193,0.09034267912772585,0.08554976400961894,0.08203768454113448,0.47,0.1327334083239595,0.5412844036697247,0.07564102564102564,0.1267427122940431,0.45871559633027525,0.07352941176470588,0.591824644549763,0.5298644479434784,0.5326940172330648,0.07698665448878475,0.07698665448878475,0.02992981816034532,50.0,630.0,59.0,949.0,
without_billing_zip,CatBoost_native_depth3_lr0.03,native_categorical,0.57,0.15568862275449102,0.23853211009174313,0.11555555555555555,0.09414675095834524,0.08129379602270238,0.47,0.1317027281279398,0.6422018348623854,0.07337526205450734,0.12568306010928962,0.21100917431192662,0.08949416342412451,0.8104265402843602,0.5314070570736327,0.5458918953466078,0.08103277609120978,0.08103277609120978,0.042970971735417175,23.0,234.0,86.0,1345.0,
with_billing_zip,RandomForest_balanced_depth5,original,0.53,0.1580135440180587,0.3211009174311927,0.10479041916167664,0.08697318665830144,0.08120230539439734,0.49,0.13298565840938723,0.46788990825688076,0.07750759878419453,0.12427184466019417,0.29357798165137616,0.07881773399014778,0.7328199052132701,0.5283596051385443,0.5364357885318196,0.07693731206256904,0.07693731206256904,0.032615756787592834,32.0,374.0,77.0,1205.0,
without_billing_zip,BalancedBagging_tree_depth3_leaf10,original,0.55,0.1717557251908397,0.41284403669724773,0.10843373493975904,0.10062144024852343,0.10181716558511318,0.47,0.14068441064638784,0.6788990825688074,0.0784729586426299,0.12264150943396226,0.3577981651376147,0.07400379506641366,0.669431279620853,0.5243709001748872,0.5447995770171575,0.07991331323343248,0.07991331323343248,0.025851423534379407,39.0,488.0,70.0,1091.0,
without_billing_zip,ExtraTrees_balanced_depth5,original,0.55,0.16292134831460675,0.26605504587155965,0.11740890688259109,0.10323001322169395,0.0889459564955567,0.45,0.132996632996633,0.7247706422018348,0.0732159406858202,0.1223529411764706,0.23853211009174313,0.08227848101265822,0.7790284360189573,0.5274357827216157,0.5505545839603512,0.07480388368507629,0.07480388368507629,0.03457252246010452,26.0,290.0,83.0,1289.0,
with_billing_zip,BalancedBagging_tree_depth3_leaf25,original,0.55,0.1522633744855967,0.3394495412844037,0.09814323607427056,0.09770203132024526,0.07317055236426154,0.49,0.14211076280041798,0.6238532110091743,0.08018867924528301,0.12140575079872204,0.3486238532110092,0.0735009671179884,0.6741706161137441,0.522633649214751,0.55901714591165,0.08227201533948839,0.08227201533948839,0.024135993004441338,38.0,479.0,71.0,1100.0,
with_billing_zip,HistGradientBoosting_balanced_lr0.03,original,0.19,0.12491128459900638,0.8073394495412844,0.06769230769230769,0.07331230060928642,0.02296654856091315,0.61,0.13333333333333333,0.13761467889908258,0.12931034482758622,0.12109623964308477,0.8715596330275229,0.06506849315068493,0.18305687203791468,0.503544224366833,0.5330106733445277,0.08223874955542691,0.08223874955542691,0.005096965163554931,95.0,1365.0,14.0,214.0,
without_billing_zip,RidgeClassifier_balanced_alpha0.3,original,0.19,0.15873015873015872,0.22935779816513763,0.12135922330097088,0.09775309156609266,0.08608967042884143,0.07,0.12951807228915663,0.3944954128440367,0.07747747747747748,0.12,0.1651376146788991,0.09424083769633508,0.8436018957345972,0.527787300056359,0.5493141054319597,0.07669710498686574,0.07669710498686574,0.04311745081147841,18.0,173.0,91.0,1406.0,
without_billing_zip,CatBoost_encoded_depth3_lr0.03,original,0.57,0.1524390243902439,0.22935779816513763,0.1141552511415525,0.0911946414690433,0.07783844897335165,0.39,0.1318840579710145,0.8348623853211009,0.07159716758457907,0.11989100817438691,0.2018348623853211,0.08527131782945736,0.808649289099526,0.526186588887404,0.5498283084753444,0.08163000033603571,0.08163000033603571,0.03577135308420441,22.0,236.0,87.0,1343.0,
with_billing_zip,LogisticRegression_SMOTE_C1.0,resampled,0.53,0.1716171617161716,0.23853211009174313,0.13402061855670103,0.09712185262801959,0.10177341389698927,0.47,0.14492753623188406,0.27522935779816515,0.09836065573770492,0.1152542372881356,0.1559633027522936,0.0913978494623656,0.8453791469194313,0.5244667685389081,0.5774471126191818,0.08129420850133193,0.08129420850133193,0.03840780470404879,17.0,169.0,92.0,1410.0,
without_billing_zip,GradientBoosting_SMOTE_depth2_lr0.05,resampled,0.45,0.15178571428571427,0.1559633027522936,0.14782608695652175,0.0953145703740047,0.09155228950748714,0.39,0.13986013986013987,0.27522935779816515,0.09375,0.11152416356877323,0.13761467889908258,0.09375,0.8584123222748815,0.5228922032874134,0.5486226911702332,0.08902058554974239,0.08902058554974239,0.038414946710438734,15.0,145.0,94.0,1434.0,
without_billing_zip,BalancedBagging_tree_depthnone_leaf10,original,0.57,0.15803814713896458,0.26605504587155965,0.1124031007751938,0.09117959419591053,0.08260217791555566,0.51,0.14756671899529042,0.43119266055045874,0.08901515151515152,0.1111111111111111,0.1926605504587156,0.07806691449814127,0.8009478672985783,0.5177995595865459,0.5676220578580103,0.08268761435718718,0.08268761435718718,0.02390431090065016,21.0,248.0,88.0,1331.0,
without_billing_zip,CatBoost_native_depth4_lr0.03,native_categorical,0.55,0.14634146341463414,0.30275229357798167,0.09649122807017543,0.0875137597797204,0.06539004364607379,0.51,0.13871374527112232,0.5045871559633027,0.0804093567251462,0.10993657505285412,0.23853211009174313,0.07142857142857142,0.7505924170616114,0.5122362893713941,0.5471730453021597,0.08156702955124688,0.08156702955124688,0.0146247807554727,26.0,338.0,83.0,1241.0,
without_billing_zip,BalancedBagging_tree_depth5_leaf10,original,0.57,0.16463414634146342,0.24770642201834864,0.1232876712328767,0.09716417730826432,0.09218651097270089,0.51,0.14585908529048208,0.5412844036697247,0.08428571428571428,0.1065989847715736,0.1926605504587156,0.07368421052631578,0.7914691943127962,0.5127330618031387,0.5538489695603419,0.07975915446173493,0.07975915446173493,0.01670767009273758,21.0,264.0,88.0,1315.0,
with_billing_zip,LogisticRegression_balanced_C1.0,original,0.61,0.15770609318996415,0.2018348623853211,0.12941176470588237,0.10171446670912218,0.08823790683704205,0.57,0.13596491228070176,0.28440366972477066,0.0893371757925072,0.10077519379844961,0.11926605504587157,0.087248322147651,0.8625592417061612,0.5165677963639744,0.5609112723765477,0.07872496921447267,0.07872496921447267,0.028706920956500404,13.0,136.0,96.0,1443.0,
with_billing_zip,ExtraTrees_balanced_depth5,original,0.57,0.1693548387096774,0.1926605504587156,0.1510791366906475,0.1003052496135579,0.10539564253887203,0.45,0.13210702341137123,0.7247706422018348,0.07267709291628335,0.10062893081761007,0.14678899082568808,0.07655502392344497,0.830568720379147,0.5122798659004945,0.552041996153645,0.07586215532920695,0.07586215532920695,0.018326127502227053,16.0,193.0,93.0,1386.0,
without_billing_zip,HistGradientBoosting_balanced_lr0.03,original,0.53,0.14545454545454545,0.29357798165137616,0.09667673716012085,0.08465162738181002,0.06444121724119191,0.35,0.13090909090909092,0.6605504587155964,0.07265388496468214,0.09156626506024096,0.1743119266055046,0.06209150326797386,0.7766587677725119,0.4962756593128853,0.5186536595569139,0.07123792615664369,0.07123792615664369,-0.00475191842321134,19.0,287.0,90.0,1292.0,
with_billing_zip,LogisticRegression_balanced_C0.1,original,0.61,0.15384615384615385,0.1926605504587156,0.12804878048780488,0.1021883969697395,0.0846765669616848,0.57,0.15242494226327943,0.30275229357798167,0.10185185185185185,0.08097165991902834,0.09174311926605505,0.07246376811594203,0.865521327014218,0.5053395773657698,0.5649493640731854,0.08017116359312809,0.08017116359312809,0.009579344694249531,10.0,128.0,99.0,1451.0,
without_billing_zip,LinearSVC_balanced_C0.1,original,0.29,0.16393442622950818,0.13761467889908258,0.20270270270270271,0.10107085691556045,0.12031292288869444,0.15,0.14150943396226415,0.27522935779816515,0.09523809523809523,0.056818181818181816,0.045871559633027525,0.07462686567164178,0.9016587677725119,0.5033031009058108,0.553538123652759,0.0781243690391569,0.0781243690391569,0.008316244360361914,5.0,62.0,104.0,1517.0,
with_billing_zip,RidgeClassifier_balanced_alpha0.3,original,0.25,0.16379310344827586,0.1743119266055046,0.15447154471544716,0.09702486647270939,0.10250569661670329,0.15,0.13365155131264916,0.25688073394495414,0.09032258064516129,0.05660377358490566,0.05504587155963303,0.05825242718446602,0.8815165876777251,0.49680729296791026,0.5537589114002011,0.07576479184249826,0.07576479184249826,-0.006556319855317117,6.0,97.0,103.0,1482.0,
with_billing_zip,LinearSVC_balanced_C0.1,original,0.29,0.1717171717171717,0.1559633027522936,0.19101123595505617,0.10171001476832708,0.12133896972524501,0.15,0.14485981308411214,0.28440366972477066,0.09717868338557993,0.0446927374301676,0.03669724770642202,0.05714285714285714,0.898696682464455,0.49744932049665624,0.5586452928633265,0.0773676360128699,0.0773676360128699,-0.006288570343780125,4.0,66.0,105.0,1513.0,
with_billing_zip,AdaBoost_balanced_stump,original,,,,,,,,,,,,,,,,,,,,,,,,"ValueError('BaseClassifier in AdaBoostClassifier ensemble is worse than random, ensemble can not be fit.')"
without_billing_zip,AdaBoost_balanced_stump,original,,,,,,,,,,,,,,,,,,,,,,,,"ValueError('BaseClassifier in AdaBoostClassifier ensemble is worse than random, ensemble can not be fit.')"
