TotalRevenue,CHURN,churn_binary
40.17,No,0
40.17,No,0
40.17,No,0
40.17,No,0
40.17,No,0
40.17,No,0
40.33,Yes,1
40.33,No,0
40.33,No,0
40.33,No,0
40.5,No,0
40.5,No,0
40.5,No,0
40.67,No,0
40.83,No,0
40.83,No,0
40.83,No,0
40.83,No,0
40.83,No,0
40.83,No,0
41.0,Yes,1
41.0,No,0
41.0,No,0
41.0,No,0
41.0,No,0
41.0,No,0
41.0,No,0
41.17,No,0
41.17,No,0
41.17,No,0
41.17,No,0
41.17,No,0
41.17,No,0
41.17,No,0
41.17,No,0
41.17,No,0
41.33,No,0
41.33,No,0
41.33,No,0
41.33,No,0
41.5,No,0
41.5,No,0
41.67,No,0
41.67,No,0
41.67,No,0
41.83,No,0
41.83,No,0
41.83,No,0
41.83,No,0
42.0,No,0
42.0,No,0
42.0,Yes,1
42.0,No,0
42.0,No,0
42.0,No,0
42.0,No,0
42.17,No,0
42.17,Yes,1
42.17,No,0
42.33,No,0
42.33,No,0
42.33,No,0
42.33,No,0
42.33,No,0
42.33,No,0
42.33,No,0
42.33,No,0
42.5,No,0
42.5,No,0
42.5,No,0
42.5,No,0
42.5,No,0
42.5,No,0
42.5,No,0
42.5,No,0
42.67,No,0
42.67,No,0
42.67,Yes,1
42.83,Yes,1
42.83,No,0
42.83,No,0
42.83,No,0
43.0,No,0
43.0,No,0
43.0,No,0
43.0,No,0
43.0,No,0
43.0,No,0
43.17,No,0
43.17,No,0
43.17,No,0
43.17,No,0
43.33,No,0
43.33,No,0
43.33,No,0
43.33,No,0
43.33,No,0
43.5,No,0
43.5,Yes,1
43.5,No,0
43.5,Yes,1
43.67,No,0
43.67,No,0
43.67,No,0
43.67,No,0
43.67,No,0
43.67,No,0
43.83,No,0
43.83,No,0
43.83,No,0
44.0,No,0
44.0,No,0
44.17,No,0
44.17,No,0
44.17,No,0
44.17,No,0
44.17,No,0
44.33,No,0
44.33,No,0
44.33,No,0
44.33,No,0
44.33,No,0
44.33,No,0
44.5,No,0
44.5,No,0
44.5,No,0
44.5,No,0
44.67,No,0
44.67,No,0
44.83,No,0
44.83,No,0
44.83,No,0
44.83,No,0
45.0,No,0
45.0,No,0
45.17,No,0
45.17,No,0
45.17,No,0
45.17,No,0
45.33,No,0
45.33,No,0
45.33,No,0
45.33,No,0
45.5,No,0
45.67,No,0
45.67,No,0
45.67,No,0
45.67,No,0
45.67,No,0
45.83,No,0
46.0,No,0
46.0,No,0
46.0,No,0
46.0,No,0
46.0,No,0
46.0,No,0
46.0,No,0
46.0,No,0
46.17,No,0
46.17,No,0
46.17,No,0
46.17,No,0
46.17,No,0
46.33,No,0
46.33,No,0
46.33,No,0
46.33,No,0
46.5,No,0
46.5,No,0
46.5,No,0
46.5,No,0
46.5,No,0
46.67,No,0
46.67,No,0
46.67,No,0
46.67,No,0
46.83,No,0
46.83,No,0
47.0,No,0
47.0,No,0
47.0,No,0
47.0,No,0
47.0,No,0
47.0,No,0
47.17,No,0
47.17,No,0
47.17,No,0
47.17,No,0
47.17,No,0
47.2,No,0
47.33,No,0
47.33,No,0
47.33,No,0
47.33,No,0
47.33,No,0
47.5,No,0
47.5,No,0
47.5,No,0
47.5,No,0
47.5,No,0
47.5,No,0
47.6,No,0
47.67,No,0
47.67,No,0
47.67,No,0
47.67,No,0
47.83,No,0
47.83,No,0
47.83,No,0
47.83,No,0
47.83,No,0
48.0,No,0
48.0,No,0
48.17,No,0
48.17,No,0
48.17,No,0
48.17,No,0
48.17,No,0
48.33,No,0
48.33,No,0
48.33,No,0
48.33,No,0
48.5,No,0
48.5,No,0
48.5,No,0
48.5,No,0
48.5,No,0
48.67,No,0
48.67,No,0
48.67,No,0
48.67,No,0
48.67,No,0
48.83,No,0
48.83,No,0
48.83,No,0
48.83,No,0
48.83,No,0
49.0,No,0
49.0,No,0
49.0,No,0
49.0,No,0
49.0,No,0
49.17,No,0
49.17,No,0
49.17,No,0
49.17,No,0
49.17,No,0
49.33,No,0
49.33,No,0
49.33,No,0
49.33,No,0
49.33,No,0
49.33,No,0
49.33,No,0
49.5,Yes,1
49.5,No,0
49.5,No,0
49.5,No,0
49.67,No,0
49.67,No,0
49.67,No,0
49.67,No,0
49.67,No,0
49.67,No,0
49.83,No,0
49.83,No,0
49.83,No,0
50.0,No,0
50.0,No,0
50.0,No,0
50.17,No,0
50.17,No,0
50.17,Yes,1
50.17,No,0
50.17,No,0
50.33,No,0
50.33,No,0
50.33,Yes,1
50.33,No,0
50.33,No,0
50.33,No,0
50.5,No,0
50.5,No,0
50.5,No,0
50.5,No,0
50.5,No,0
50.67,No,0
50.67,No,0
50.67,No,0
50.67,No,0
50.67,No,0
50.67,No,0
50.67,No,0
50.83,No,0
50.83,No,0
50.83,No,0
51.0,No,0
51.0,No,0
51.0,No,0
51.0,No,0
51.0,No,0
51.0,No,0
51.0,No,0
51.0,No,0
51.16,No,0
51.17,No,0
51.17,No,0
51.17,No,0
51.33,No,0
51.33,No,0
51.33,No,0
51.33,No,0
51.33,No,0
51.33,No,0
51.5,No,0
51.5,No,0
51.5,Yes,1
51.67,No,0
51.67,No,0
51.67,No,0
51.67,No,0
51.67,No,0
51.67,No,0
51.67,No,0
51.67,No,0
51.83,No,0
51.83,No,0
51.83,No,0
51.83,No,0
51.83,No,0
51.83,No,0
51.83,No,0
52.0,No,0
52.0,No,0
52.0,No,0
52.0,No,0
52.17,Yes,1
52.17,No,0
52.17,No,0
52.17,No,0
52.17,No,0
52.33,No,0
52.33,No,0
52.33,No,0
52.5,No,0
52.5,No,0
52.67,No,0
52.67,Yes,1
52.67,No,0
52.67,No,0
52.83,No,0
52.83,No,0
52.83,No,0
52.83,No,0
52.83,No,0
53.0,No,0
53.0,No,0
53.0,No,0
53.0,No,0
53.0,No,0
53.17,No,0
53.33,No,0
53.33,No,0
53.33,No,0
53.33,No,0
53.33,No,0
53.5,No,0
53.5,No,0
53.5,No,0
53.5,No,0
53.5,Yes,1
53.5,No,0
53.5,No,0
53.67,No,0
53.67,No,0
53.67,No,0
53.67,No,0
53.67,No,0
53.83,No,0
53.83,No,0
54.0,No,0
54.0,No,0
54.0,No,0
54.0,No,0
54.17,No,0
54.17,No,0
54.33,No,0
54.33,No,0
54.33,No,0
54.33,No,0
54.33,No,0
54.5,No,0
54.5,No,0
54.5,No,0
54.67,No,0
54.67,No,0
54.67,No,0
54.67,No,0
54.67,No,0
54.83,No,0
54.83,No,0
54.83,No,0
54.83,No,0
54.83,No,0
54.83,No,0
54.83,No,0
54.83,No,0
55.0,No,0
55.0,No,0
55.0,No,0
55.0,No,0
55.17,No,0
55.17,No,0
55.17,No,0
55.17,No,0
55.17,No,0
55.17,No,0
55.33,No,0
55.33,No,0
55.33,No,0
55.33,Yes,1
55.33,No,0
55.33,No,0
55.33,No,0
55.33,No,0
55.33,No,0
55.5,No,0
55.5,No,0
55.5,No,0
55.5,No,0
55.5,No,0
55.67,No,0
55.67,No,0
55.67,No,0
55.67,No,0
55.67,No,0
55.83,No,0
55.83,No,0
55.83,No,0
55.83,No,0
55.83,No,0
55.83,No,0
55.83,No,0
56.0,No,0
56.0,No,0
56.17,No,0
56.17,No,0
56.17,No,0
56.17,No,0
56.17,No,0
56.17,No,0
56.33,No,0
56.33,No,0
56.33,No,0
56.33,No,0
56.33,No,0
56.5,No,0
56.5,No,0
56.5,No,0
56.5,No,0
56.5,No,0
56.67,No,0
56.67,No,0
56.67,No,0
56.67,No,0
56.83,No,0
56.83,No,0
56.83,No,0
57.0,No,0
57.0,No,0
57.0,No,0
57.17,No,0
57.17,No,0
57.17,No,0
57.25,No,0
57.33,No,0
57.33,No,0
57.5,No,0
57.5,No,0
57.5,No,0
57.5,No,0
57.5,No,0
57.5,No,0
57.5,No,0
57.5,No,0
57.5,No,0
57.67,No,0
57.67,No,0
57.67,No,0
57.83,No,0
57.83,No,0
57.83,No,0
58.0,No,0
58.0,No,0
58.0,No,0
58.17,No,0
58.17,No,0
58.17,No,0
58.17,No,0
58.25,No,0
58.33,No,0
58.33,No,0
58.33,No,0
58.33,No,0
58.5,No,0
58.5,No,0
58.5,No,0
58.5,No,0
58.5,No,0
58.67,No,0
58.67,No,0
58.67,No,0
58.67,No,0
58.83,No,0
58.83,No,0
58.83,No,0
58.83,No,0
58.83,No,0
58.83,No,0
59.0,No,0
59.0,No,0
59.0,No,0
59.0,No,0
59.0,No,0
59.0,No,0
59.17,No,0
59.17,No,0
59.17,No,0
59.17,No,0
59.33,No,0
59.33,No,0
59.33,No,0
59.33,No,0
59.33,No,0
59.33,No,0
59.33,No,0
59.5,No,0
59.5,No,0
59.5,No,0
59.5,No,0
59.5,No,0
59.67,No,0
59.67,No,0
59.67,No,0
59.67,No,0
59.83,No,0
59.83,No,0
59.83,No,0
59.83,No,0
60.0,No,0
60.0,No,0
60.0,Yes,1
60.0,No,0
60.0,No,0
60.17,No,0
60.17,No,0
60.17,No,0
60.17,No,0
60.17,No,0
60.17,No,0
60.17,No,0
60.17,No,0
60.33,No,0
60.33,No,0
60.33,No,0
60.33,No,0
60.33,No,0
60.33,No,0
60.33,No,0
60.33,No,0
60.5,No,0
60.5,No,0
60.5,No,0
60.5,No,0
60.5,No,0
60.5,No,0
60.67,No,0
60.67,No,0
60.83,No,0
60.83,No,0
60.83,No,0
60.83,No,0
61.0,No,0
61.0,No,0
61.0,No,0
61.0,No,0
61.0,No,0
61.0,No,0
61.0,No,0
61.17,No,0
61.17,No,0
61.33,No,0
61.33,No,0
61.33,No,0
61.5,No,0
61.5,No,0
61.5,No,0
61.5,No,0
61.5,No,0
61.67,No,0
61.67,No,0
61.67,No,0
61.67,No,0
61.67,No,0
61.67,No,0
61.67,Yes,1
61.67,No,0
61.83,No,0
61.83,No,0
61.83,No,0
61.83,No,0
61.83,No,0
62.0,No,0
62.0,No,0
62.17,No,0
62.17,No,0
62.17,No,0
62.17,No,0
62.33,No,0
62.33,No,0
62.33,No,0
62.33,No,0
62.33,No,0
62.5,No,0
62.5,No,0
62.5,No,0
62.5,No,0
62.5,No,0
62.5,No,0
62.67,No,0
62.67,No,0
62.67,No,0
62.67,No,0
62.67,No,0
62.67,No,0
62.67,No,0
62.67,No,0
62.67,No,0
62.83,No,0
62.83,No,0
62.83,No,0
62.83,No,0
62.83,No,0
62.83,No,0
63.0,No,0
63.0,No,0
63.0,No,0
63.0,No,0
63.0,No,0
63.0,No,0
63.0,No,0
63.17,No,0
63.17,No,0
63.17,No,0
63.17,No,0
63.33,No,0
63.33,No,0
63.33,No,0
63.5,No,0
63.5,No,0
63.5,No,0
63.5,No,0
63.67,No,0
63.67,No,0
63.67,No,0
63.67,No,0
63.83,No,0
63.83,No,0
63.83,No,0
63.83,No,0
63.83,No,0
63.83,No,0
63.83,No,0
64.0,No,0
64.0,No,0
64.0,No,0
64.0,No,0
64.17,No,0
64.17,No,0
64.17,No,0
64.17,No,0
64.33,No,0
64.33,No,0
64.33,Yes,1
64.33,No,0
64.33,No,0
64.33,No,0
64.33,No,0
64.33,No,0
64.33,No,0
64.5,Yes,1
64.5,Yes,1
64.5,No,0
64.5,No,0
64.5,No,0
64.5,No,0
64.5,No,0
64.5,Yes,1
64.5,No,0
64.5,No,0
64.67,No,0
64.67,No,0
64.67,No,0
64.67,No,0
64.67,No,0
64.67,No,0
64.67,No,0
64.83,No,0
64.83,No,0
64.83,No,0
64.83,No,0
64.83,No,0
64.83,No,0
64.83,No,0
64.83,No,0
65.0,No,0
65.0,No,0
65.0,No,0
65.17,No,0
65.17,No,0
65.17,No,0
65.17,No,0
65.17,No,0
65.17,No,0
65.17,No,0
65.33,No,0
65.33,No,0
65.33,No,0
65.33,No,0
65.33,No,0
65.33,No,0
65.33,Yes,1
65.33,No,0
65.5,No,0
65.5,No,0
65.5,No,0
65.67,No,0
65.67,No,0
65.67,No,0
65.67,No,0
65.67,No,0
65.67,No,0
65.67,No,0
65.83,No,0
65.83,No,0
65.83,No,0
65.83,No,0
66.0,No,0
66.17,No,0
66.17,Yes,1
66.17,No,0
66.17,No,0
66.17,No,0
66.33,No,0
66.33,No,0
66.33,No,0
66.33,No,0
66.5,No,0
66.5,No,0
66.5,No,0
66.5,No,0
66.5,No,0
66.5,No,0
66.67,No,0
66.67,Yes,1
66.83,No,0
66.83,No,0
67.0,No,0
67.0,No,0
67.0,No,0
67.0,No,0
67.17,No,0
67.17,No,0
67.17,No,0
67.17,No,0
67.17,No,0
67.17,No,0
67.33,No,0
67.5,No,0
67.5,Yes,1
67.5,No,0
67.5,No,0
67.5,No,0
67.5,No,0
67.5,No,0
67.5,No,0
67.67,No,0
67.67,No,0
67.67,No,0
67.67,No,0
67.83,No,0
67.83,No,0
67.83,No,0
67.83,No,0
67.83,No,0
67.83,Yes,1
68.0,No,0
68.0,No,0
68.0,No,0
68.0,No,0
68.0,No,0
68.17,Yes,1
68.17,No,0
68.17,No,0
68.17,No,0
68.33,No,0
68.33,No,0
68.33,Yes,1
68.33,No,0
68.33,No,0
68.33,No,0
68.33,No,0
68.33,No,0
68.33,No,0
68.33,No,0
68.33,No,0
68.33,No,0
68.5,No,0
68.5,No,0
68.67,No,0
68.67,No,0
68.67,No,0
68.67,No,0
68.67,No,0
68.83,No,0
68.83,Yes,1
68.83,No,0
68.83,No,0
68.83,No,0
68.83,No,0
68.83,No,0
68.83,No,0
69.0,No,0
69.0,No,0
69.0,Yes,1
69.0,No,0
69.17,No,0
69.17,No,0
69.17,No,0
69.17,No,0
69.33,No,0
69.33,No,0
69.33,No,0
69.33,No,0
69.5,No,0
69.5,No,0
69.5,No,0
69.5,No,0
69.5,No,0
69.5,No,0
69.67,No,0
69.67,No,0
69.67,No,0
69.67,No,0
69.67,No,0
69.67,No,0
69.75,No,0
69.83,No,0
69.83,No,0
69.83,No,0
70.0,No,0
70.0,No,0
70.0,No,0
70.0,No,0
70.0,No,0
70.0,Yes,1
70.17,No,0
70.17,No,0
70.17,No,0
70.17,No,0
70.17,No,0
70.33,Yes,1
70.33,No,0
70.33,No,0
70.33,No,0
70.33,No,0
70.33,No,0
70.33,No,0
70.33,No,0
70.5,No,0
70.67,No,0
70.67,No,0
70.67,No,0
70.83,No,0
70.83,No,0
70.83,No,0
70.83,No,0
70.83,No,0
70.83,No,0
71.0,No,0
71.0,No,0
71.0,No,0
71.0,No,0
71.0,No,0
71.17,No,0
71.17,No,0
71.17,No,0
71.17,No,0
71.17,No,0
71.33,No,0
71.33,No,0
71.33,No,0
71.5,No,0
71.5,No,0
71.5,No,0
71.5,No,0
71.5,No,0
71.5,No,0
71.67,No,0
71.67,No,0
71.67,No,0
71.67,No,0
71.67,No,0
71.67,Yes,1
71.83,No,0
71.83,No,0
71.83,No,0
71.83,No,0
71.83,No,0
71.83,No,0
71.83,No,0
72.0,No,0
72.0,No,0
72.0,No,0
72.0,No,0
72.0,No,0
72.17,No,0
72.17,No,0
72.17,No,0
72.17,No,0
72.17,No,0
72.17,No,0
72.17,No,0
72.33,No,0
72.33,No,0
72.33,No,0
72.33,No,0
72.33,Yes,1
72.33,No,0
72.33,No,0
72.33,No,0
72.5,No,0
72.5,No,0
72.5,No,0
72.5,No,0
72.5,No,0
72.5,No,0
72.5,No,0
72.67,No,0
72.67,No,0
72.67,No,0
72.67,No,0
72.67,Yes,1
72.83,No,0
72.83,No,0
72.83,No,0
72.83,No,0
72.83,No,0
72.83,No,0
72.83,No,0
72.83,No,0
72.83,No,0
72.83,No,0
72.83,No,0
73.0,No,0
73.0,No,0
73.0,No,0
73.0,No,0
73.17,No,0
73.17,No,0
73.17,No,0
73.17,No,0
73.33,No,0
73.33,No,0
73.33,No,0
73.33,No,0
73.33,No,0
73.33,No,0
73.33,No,0
73.33,Yes,1
73.33,No,0
73.33,No,0
73.33,Yes,1
73.33,No,0
73.4,No,0
73.5,Yes,1
73.5,No,0
73.5,No,0
73.5,No,0
73.5,No,0
73.5,No,0
73.67,No,0
73.67,No,0
73.67,No,0
73.67,No,0
73.67,No,0
73.67,No,0
73.83,No,0
73.83,No,0
74.0,No,0
74.0,No,0
74.0,Yes,1
74.0,No,0
74.0,No,0
74.0,No,0
74.0,No,0
74.17,No,0
74.17,No,0
74.17,No,0
74.17,No,0
74.17,No,0
74.33,No,0
74.33,No,0
74.33,Yes,1
74.33,No,0
74.33,No,0
74.5,No,0
74.5,No,0
74.5,No,0
74.5,No,0
74.5,No,0
74.5,No,0
74.67,No,0
74.67,No,0
74.67,Yes,1
74.67,Yes,1
74.83,No,0
74.83,No,0
74.83,No,0
75.0,No,0
75.0,No,0
75.0,No,0
75.0,No,0
75.0,No,0
75.0,No,0
75.17,No,0
75.17,No,0
75.17,No,0
75.17,No,0
75.17,No,0
75.17,No,0
75.17,No,0
75.33,No,0
75.33,No,0
75.33,No,0
75.33,No,0
75.33,No,0
75.5,No,0
75.5,No,0
75.5,No,0
75.5,No,0
75.5,No,0
75.5,No,0
75.67,No,0
75.67,No,0
75.67,No,0
75.67,No,0
75.67,No,0
75.67,No,0
75.67,No,0
75.67,No,0
75.83,No,0
75.83,No,0
75.83,No,0
75.83,No,0
75.83,No,0
75.83,No,0
75.83,No,0
76.0,No,0
76.0,No,0
76.0,No,0
76.0,No,0
76.17,No,0
76.17,No,0
76.33,No,0
76.33,No,0
76.33,No,0
76.67,Yes,1
76.67,No,0
76.67,No,0
76.67,No,0
76.67,No,0
76.83,No,0
76.83,No,0
76.83,No,0
76.83,No,0
76.83,No,0
76.83,No,0
77.0,No,0
77.0,No,0
77.0,No,0
77.0,No,0
77.0,No,0
77.0,Yes,1
77.0,No,0
77.17,No,0
77.17,No,0
77.17,No,0
77.17,No,0
77.17,No,0
77.2,No,0
77.33,No,0
77.33,No,0
77.33,No,0
77.5,No,0
77.5,No,0
77.5,No,0
77.5,No,0
77.5,No,0
77.5,No,0
77.67,No,0
77.67,No,0
77.67,No,0
77.67,No,0
77.83,No,0
78.0,No,0
78.0,No,0
78.0,No,0
78.0,No,0
78.0,No,0
78.0,No,0
78.17,No,0
78.17,No,0
78.17,No,0
78.17,Yes,1
78.17,No,0
78.33,No,0
78.33,No,0
78.33,No,0
78.33,No,0
78.33,No,0
78.33,No,0
78.33,No,0
78.33,No,0
78.5,No,0
78.5,Yes,1
78.5,No,0
78.5,No,0
78.67,No,0
78.67,Yes,1
78.67,No,0
78.67,No,0
78.83,No,0
78.83,No,0
78.83,No,0
78.83,No,0
78.83,No,0
79.0,No,0
79.0,No,0
79.0,No,0
79.0,No,0
79.0,No,0
79.0,No,0
79.0,No,0
79.0,No,0
79.17,No,0
79.17,No,0
79.17,No,0
79.17,No,0
79.17,No,0
79.17,No,0
79.17,No,0
79.33,No,0
79.33,No,0
79.33,No,0
79.5,No,0
79.5,No,0
79.5,Yes,1
79.5,No,0
79.5,No,0
79.67,Yes,1
79.67,No,0
79.67,No,0
79.67,No,0
79.67,No,0
79.67,No,0
79.67,No,0
79.83,No,0
79.83,No,0
79.83,No,0
79.83,No,0
79.83,No,0
79.83,No,0
80.0,No,0
80.0,No,0
80.0,No,0
80.0,No,0
80.0,No,0
80.0,No,0
80.0,No,0
80.0,No,0
80.33,No,0
80.33,Yes,1
80.33,No,0
80.33,No,0
80.33,No,0
80.33,No,0
80.5,No,0
80.5,No,0
80.5,No,0
80.5,No,0
80.67,No,0
80.67,No,0
80.67,No,0
80.67,No,0
80.67,No,0
80.8,No,0
80.83,No,0
80.83,No,0
80.83,No,0
80.83,No,0
81.0,No,0
81.0,No,0
81.0,No,0
81.17,No,0
81.17,No,0
81.17,No,0
81.17,No,0
81.17,No,0
81.33,No,0
81.5,No,0
81.5,No,0
81.5,No,0
81.5,Yes,1
81.67,Yes,1
81.67,No,0
81.67,No,0
81.83,No,0
81.83,No,0
81.83,No,0
81.83,No,0
81.83,No,0
81.83,No,0
81.83,No,0
82.0,No,0
82.0,No,0
82.0,No,0
82.0,No,0
82.0,No,0
82.0,No,0
82.17,No,0
82.17,No,0
82.17,No,0
82.33,No,0
82.33,No,0
82.33,No,0
82.33,No,0
82.33,No,0
82.33,No,0
82.33,No,0
82.5,No,0
82.5,No,0
82.5,No,0
82.5,No,0
82.5,No,0
82.5,No,0
82.5,No,0
82.5,No,0
82.5,No,0
82.5,No,0
82.5,No,0
82.67,No,0
82.67,No,0
82.67,No,0
82.67,No,0
82.67,No,0
82.83,Yes,1
82.83,No,0
82.83,No,0
83.0,No,0
83.0,No,0
83.0,No,0
83.0,No,0
83.0,No,0
83.0,No,0
83.0,Yes,1
83.0,No,0
83.17,No,0
83.17,No,0
83.33,No,0
83.33,No,0
83.33,No,0
83.33,No,0
83.5,No,0
83.5,No,0
83.5,No,0
83.5,No,0
83.5,No,0
83.5,No,0
83.5,No,0
83.67,No,0
83.67,Yes,1
83.67,No,0
83.67,No,0
83.67,No,0
83.83,No,0
83.83,No,0
83.83,No,0
83.83,No,0
83.83,No,0
84.0,No,0
84.0,No,0
84.0,No,0
84.0,No,0
84.0,No,0
84.0,No,0
84.0,No,0
84.17,No,0
84.17,No,0
84.17,No,0
84.17,No,0
84.17,No,0
84.17,No,0
84.17,No,0
84.33,No,0
84.33,No,0
84.33,No,0
84.33,No,0
84.33,No,0
84.33,Yes,1
84.33,No,0
84.33,No,0
84.5,No,0
84.5,No,0
84.5,No,0
84.5,No,0
84.5,No,0
84.67,No,0
84.67,No,0
84.67,No,0
84.67,No,0
84.83,No,0
84.83,No,0
84.83,No,0
84.83,No,0
84.83,No,0
85.0,No,0
85.0,No,0
85.0,No,0
85.0,No,0
85.0,No,0
85.0,No,0
85.0,No,0
85.0,No,0
85.0,No,0
85.17,No,0
85.17,No,0
85.17,No,0
85.17,No,0
85.33,No,0
85.33,No,0
85.33,No,0
85.33,No,0
85.5,No,0
85.5,No,0
85.67,No,0
85.67,No,0
85.67,No,0
85.67,No,0
85.67,No,0
85.67,No,0
85.83,No,0
85.83,No,0
85.83,No,0
85.83,No,0
85.83,No,0
86.0,No,0
86.0,No,0
86.0,No,0
86.0,No,0
86.17,No,0
86.17,No,0
86.17,No,0
86.17,No,0
86.33,No,0
86.33,No,0
86.33,No,0
86.33,No,0
86.5,No,0
86.5,No,0
86.5,No,0
86.5,No,0
86.5,No,0
86.67,No,0
86.67,No,0
86.67,No,0
86.67,Yes,1
86.67,No,0
86.67,No,0
86.67,No,0
86.67,No,0
86.83,No,0
86.83,No,0
86.83,No,0
86.83,No,0
87.0,No,0
87.0,No,0
87.0,No,0
87.0,No,0
87.0,No,0
87.0,No,0
87.17,No,0
87.17,No,0
87.33,No,0
87.33,No,0
87.33,No,0
87.33,No,0
87.33,No,0
87.33,No,0
87.33,No,0
87.33,No,0
87.5,No,0
87.5,No,0
87.5,No,0
87.5,No,0
87.5,No,0
87.5,Yes,1
87.6,No,0
87.67,No,0
87.67,No,0
87.67,No,0
87.67,No,0
87.83,No,0
87.83,No,0
87.83,No,0
87.83,No,0
87.83,No,0
87.83,No,0
87.83,Yes,1
87.83,No,0
88.0,No,0
88.0,No,0
88.0,No,0
88.17,No,0
88.17,No,0
88.17,No,0
88.17,No,0
88.33,Yes,1
88.33,No,0
88.33,No,0
88.33,No,0
88.33,No,0
88.33,No,0
88.33,No,0
88.5,No,0
88.5,No,0
88.5,No,0
88.5,No,0
88.5,No,0
88.67,No,0
88.67,No,0
88.67,No,0
88.67,No,0
88.8,No,0
88.83,No,0
88.83,No,0
88.83,No,0
89.0,No,0
89.0,No,0
89.0,No,0
89.17,Yes,1
89.17,No,0
89.17,No,0
89.17,No,0
89.17,No,0
89.2,No,0
89.33,No,0
89.33,No,0
89.33,No,0
89.33,No,0
89.33,No,0
89.33,No,0
89.5,No,0
89.5,No,0
89.5,Yes,1
89.5,No,0
89.5,No,0
89.5,No,0
89.5,No,0
89.5,No,0
89.67,No,0
89.67,No,0
89.67,No,0
89.67,No,0
89.67,No,0
89.67,No,0
89.67,No,0
89.83,No,0
89.83,No,0
89.83,No,0
89.83,No,0
89.83,No,0
89.83,No,0
90.0,No,0
90.0,No,0
90.0,No,0
90.0,No,0
90.17,No,0
90.17,No,0
90.33,No,0
90.33,No,0
90.33,No,0
90.33,No,0
90.33,No,0
90.33,No,0
90.5,No,0
90.5,No,0
90.5,No,0
90.5,No,0
90.5,No,0
90.5,No,0
90.67,No,0
90.67,No,0
90.67,No,0
90.67,No,0
90.67,No,0
90.83,No,0
90.83,No,0
90.83,No,0
90.83,No,0
90.83,No,0
91.17,No,0
91.17,No,0
91.17,No,0
91.17,No,0
91.33,No,0
91.33,No,0
91.33,No,0
91.4,No,0
91.5,No,0
91.5,No,0
91.67,No,0
91.67,No,0
91.67,No,0
91.67,No,0
91.67,No,0
91.67,No,0
91.67,No,0
91.67,No,0
91.67,No,0
91.67,No,0
91.67,No,0
91.75,No,0
91.83,No,0
91.83,No,0
91.83,No,0
92.0,No,0
92.0,No,0
92.0,No,0
92.0,No,0
92.17,No,0
92.17,No,0
92.17,No,0
92.17,No,0
92.17,No,0
92.33,No,0
92.33,No,0
92.33,No,0
92.5,No,0
92.5,No,0
92.5,No,0
92.67,No,0
92.67,No,0
92.67,No,0
92.67,No,0
92.67,No,0
92.67,No,0
92.67,No,0
92.67,No,0
92.67,No,0
92.67,No,0
92.83,No,0
92.83,No,0
92.83,No,0
92.83,No,0
93.0,No,0
93.17,No,0
93.17,No,0
93.17,No,0
93.17,No,0
93.33,Yes,1
93.33,No,0
93.33,No,0
93.33,No,0
93.5,Yes,1
93.5,No,0
93.5,No,0
93.67,No,0
93.67,No,0
93.83,No,0
93.83,No,0
93.83,No,0
93.83,No,0
93.83,Yes,1
93.83,No,0
93.83,No,0
94.0,No,0
94.0,No,0
94.0,No,0
94.0,No,0
94.0,No,0
94.0,No,0
94.0,No,0
94.17,No,0
94.17,No,0
94.17,No,0
94.17,No,0
94.17,No,0
94.17,No,0
94.17,No,0
94.33,No,0
94.33,Yes,1
94.33,No,0
94.33,No,0
94.5,No,0
94.5,No,0
94.5,No,0
94.5,No,0
94.67,No,0
94.67,No,0
94.67,No,0
94.67,Yes,1
94.67,Yes,1
94.67,No,0
94.67,No,0
94.67,No,0
94.67,No,0
94.67,No,0
94.67,No,0
94.83,No,0
94.83,No,0
94.83,No,0
94.83,No,0
94.83,No,0
94.83,No,0
95.0,No,0
95.0,No,0
95.0,No,0
95.0,No,0
95.0,Yes,1
95.0,No,0
95.0,No,0
95.0,No,0
95.0,No,0
95.17,No,0
95.17,No,0
95.17,No,0
95.5,No,0
95.5,Yes,1
95.5,No,0
95.5,No,0
95.5,No,0
95.67,No,0
95.67,No,0
95.83,No,0
95.83,No,0
95.83,No,0
96.0,No,0
96.0,No,0
96.0,No,0
96.0,No,0
96.0,No,0
96.0,No,0
96.0,No,0
96.0,No,0
96.0,No,0
96.0,No,0
96.0,No,0
96.17,No,0
96.17,No,0
96.17,No,0
96.17,Yes,1
96.17,No,0
96.17,No,0
96.17,No,0
96.17,No,0
96.33,No,0
96.33,No,0
96.33,No,0
96.5,No,0
96.5,No,0
96.5,No,0
96.5,No,0
96.5,No,0
96.5,No,0
96.5,No,0
96.5,No,0
96.5,No,0
96.5,No,0
96.67,No,0
96.67,No,0
96.67,No,0
96.83,No,0
96.83,No,0
96.83,No,0
96.83,No,0
96.83,No,0
96.83,No,0
97.0,No,0
97.0,No,0
97.17,No,0
97.33,No,0
97.33,Yes,1
97.33,No,0
97.33,No,0
97.5,No,0
97.5,No,0
97.5,No,0
97.5,Yes,1
97.5,No,0
97.5,No,0
97.5,No,0
97.67,Yes,1
97.67,No,0
97.67,No,0
97.67,No,0
97.67,No,0
97.67,No,0
97.67,No,0
97.67,No,0
97.83,No,0
97.83,No,0
97.83,No,0
98.0,Yes,1
98.0,No,0
98.0,No,0
98.0,No,0
98.17,No,0
98.17,No,0
98.17,No,0
98.17,No,0
98.25,No,0
98.33,No,0
98.33,No,0
98.33,No,0
98.33,Yes,1
98.33,No,0
98.33,No,0
98.5,No,0
98.5,No,0
98.5,No,0
98.5,No,0
98.5,No,0
98.5,No,0
98.5,No,0
98.5,No,0
98.5,No,0
98.67,No,0
98.67,No,0
98.67,No,0
98.67,No,0
98.67,No,0
98.67,No,0
98.67,No,0
98.67,No,0
98.67,No,0
98.67,No,0
98.67,No,0
98.67,No,0
98.83,No,0
98.83,No,0
98.83,No,0
98.83,No,0
98.83,No,0
98.83,No,0
98.83,No,0
99.0,No,0
99.0,No,0
99.0,No,0
99.17,No,0
99.17,No,0
99.17,No,0
99.17,No,0
99.17,No,0
99.33,No,0
99.33,No,0
99.33,No,0
99.33,No,0
99.5,No,0
99.5,No,0
99.5,No,0
99.5,Yes,1
99.5,No,0
99.67,No,0
99.67,No,0
99.67,No,0
99.67,No,0
99.67,No,0
99.67,No,0
99.67,No,0
99.67,No,0
99.67,No,0
99.83,Yes,1
99.83,No,0
99.83,No,0
99.83,No,0
99.83,No,0
99.83,No,0
100.0,No,0
100.0,No,0
100.0,No,0
100.0,No,0
100.0,No,0
100.0,No,0
100.0,No,0
100.0,Yes,1
100.0,No,0
100.0,No,0
100.0,No,0
100.17,No,0
100.17,No,0
100.17,No,0
100.17,No,0
100.33,Yes,1
100.33,No,0
100.33,Yes,1
100.33,No,0
100.33,Yes,1
100.5,No,0
100.5,No,0
100.5,No,0
100.5,No,0
100.5,No,0
100.5,No,0
100.5,No,0
100.5,Yes,1
100.5,No,0
100.67,No,0
100.67,No,0
100.67,No,0
100.67,No,0
100.67,No,0
100.83,No,0
100.83,No,0
100.83,No,0
100.83,No,0
101.0,No,0
101.17,No,0
101.17,No,0
101.17,No,0
101.33,No,0
101.33,No,0
101.5,No,0
101.5,No,0
101.5,No,0
101.5,No,0
101.5,No,0
101.5,No,0
101.5,Yes,1
101.67,No,0
101.67,No,0
101.67,No,0
101.67,No,0
101.67,No,0
101.67,No,0
101.83,No,0
101.83,No,0
101.83,No,0
101.83,No,0
102.0,No,0
102.0,No,0
102.0,No,0
102.0,No,0
102.0,No,0
102.17,No,0
102.17,No,0
102.33,No,0
102.33,No,0
102.33,No,0
102.5,Yes,1
102.5,No,0
102.5,No,0
102.67,No,0
102.67,No,0
102.67,Yes,1
102.67,No,0
102.67,No,0
102.83,No,0
102.83,No,0
102.83,No,0
102.83,No,0
102.83,No,0
103.0,No,0
103.0,No,0
103.0,No,0
103.0,No,0
103.0,No,0
103.0,No,0
103.0,No,0
103.0,No,0
103.17,No,0
103.17,No,0
103.17,No,0
103.17,No,0
103.17,No,0
103.17,No,0
103.17,No,0
103.17,No,0
103.33,No,0
103.33,No,0
103.5,No,0
103.5,No,0
103.67,Yes,1
103.67,No,0
103.67,No,0
103.67,No,0
103.67,No,0
103.67,No,0
103.83,No,0
103.83,No,0
104.0,No,0
104.0,No,0
104.0,No,0
104.0,No,0
104.17,No,0
104.33,No,0
104.33,No,0
104.33,No,0
104.5,No,0
104.5,No,0
104.5,No,0
104.67,No,0
104.67,No,0
104.67,Yes,1
104.67,No,0
104.67,No,0
104.67,No,0
104.67,Yes,1
104.83,No,0
104.83,No,0
104.83,No,0
105.0,No,0
105.0,No,0
105.0,No,0
105.0,No,0
105.0,No,0
105.17,No,0
105.17,Yes,1
105.17,No,0
105.17,No,0
105.17,No,0
105.33,No,0
105.33,No,0
105.33,No,0
105.33,No,0
105.33,No,0
105.5,No,0
105.5,No,0
105.5,No,0
105.5,No,0
105.67,No,0
105.67,Yes,1
105.67,No,0
105.67,No,0
105.67,Yes,1
105.67,No,0
105.67,No,0
105.83,No,0
105.83,No,0
106.0,No,0
106.0,Yes,1
106.0,No,0
106.0,No,0
106.0,No,0
106.0,No,0
106.0,No,0
106.0,No,0
106.0,No,0
106.17,No,0
106.17,No,0
106.17,No,0
106.17,No,0
106.17,No,0
106.33,No,0
106.33,No,0
106.33,No,0
106.5,No,0
106.5,No,0
106.5,No,0
106.5,No,0
106.67,Yes,1
106.67,No,0
106.67,No,0
106.67,No,0
106.67,No,0
106.67,No,0
106.83,No,0
106.83,No,0
106.83,No,0
106.83,No,0
106.83,No,0
106.83,No,0
106.83,No,0
107.0,No,0
107.0,No,0
107.0,No,0
107.0,No,0
107.17,No,0
107.33,No,0
107.33,No,0
107.33,No,0
107.33,No,0
107.33,No,0
107.33,No,0
107.33,No,0
107.5,No,0
107.5,No,0
107.67,No,0
107.83,No,0
107.83,No,0
107.83,No,0
107.83,No,0
108.0,No,0
108.0,No,0
108.0,No,0
108.0,No,0
108.17,No,0
108.17,No,0
108.17,No,0
108.17,No,0
108.33,No,0
108.33,Yes,1
108.33,No,0
108.33,No,0
108.5,No,0
108.5,No,0
108.67,Yes,1
108.67,No,0
108.67,No,0
108.67,Yes,1
108.83,No,0
108.83,No,0
108.83,No,0
108.83,No,0
109.0,No,0
109.0,No,0
109.0,No,0
109.0,No,0
109.17,No,0
109.17,No,0
109.17,No,0
109.17,No,0
109.17,Yes,1
109.33,Yes,1
109.33,No,0
109.33,No,0
109.5,No,0
109.5,No,0
109.5,No,0
109.5,No,0
109.67,No,0
109.67,No,0
109.67,No,0
109.67,No,0
109.67,Yes,1
109.83,No,0
109.83,No,0
109.83,No,0
109.83,Yes,1
109.83,No,0
110.0,No,0
110.0,No,0
110.0,No,0
110.0,No,0
110.0,No,0
110.17,No,0
110.17,No,0
110.17,Yes,1
110.17,No,0
110.25,No,0
110.33,No,0
110.33,No,0
110.33,No,0
110.5,No,0
110.5,No,0
110.67,No,0
110.67,No,0
110.67,No,0
110.67,No,0
110.67,No,0
110.67,No,0
110.83,No,0
110.83,No,0
110.83,No,0
111.0,No,0
111.0,No,0
111.0,No,0
111.0,No,0
111.17,No,0
111.17,No,0
111.17,No,0
111.17,No,0
111.17,No,0
111.17,No,0
111.17,No,0
111.17,No,0
111.33,No,0
111.33,No,0
111.33,No,0
111.33,No,0
111.33,No,0
111.33,Yes,1
111.5,No,0
111.5,No,0
111.5,No,0
111.5,No,0
111.67,No,0
111.67,No,0
111.67,No,0
111.67,No,0
111.67,No,0
111.67,No,0
111.67,No,0
111.67,No,0
111.83,No,0
111.83,Yes,1
111.83,No,0
112.0,No,0
112.0,No,0
112.0,No,0
112.17,No,0
112.33,No,0
112.33,No,0
112.33,No,0
112.33,No,0
112.5,No,0
112.5,No,0
112.5,No,0
112.5,No,0
112.5,No,0
112.5,Yes,1
112.5,Yes,1
112.83,No,0
112.83,No,0
112.83,No,0
112.83,No,0
112.83,No,0
113.0,No,0
113.0,No,0
113.0,No,0
113.0,No,0
113.17,No,0
113.33,No,0
113.33,No,0
113.5,No,0
113.5,No,0
113.5,No,0
113.5,No,0
113.67,No,0
113.67,No,0
113.8,No,0
113.83,Yes,1
113.83,No,0
113.83,No,0
113.83,No,0
114.0,No,0
114.0,No,0
114.17,No,0
114.17,No,0
114.17,Yes,1
114.17,No,0
114.17,No,0
114.17,No,0
114.17,No,0
114.17,No,0
114.33,No,0
114.33,No,0
114.5,No,0
114.5,No,0
114.67,No,0
114.67,No,0
114.67,No,0
114.67,No,0
114.83,No,0
114.83,Yes,1
114.83,No,0
114.83,No,0
114.83,No,0
115.0,No,0
115.0,No,0
115.0,Yes,1
115.0,No,0
115.0,No,0
115.17,No,0
115.17,No,0
115.33,No,0
115.33,No,0
115.33,No,0
115.33,No,0
115.5,No,0
115.5,No,0
115.5,No,0
115.5,No,0
115.67,No,0
115.67,No,0
115.83,No,0
115.83,No,0
115.83,No,0
115.83,No,0
115.83,No,0
115.83,No,0
115.83,No,0
115.83,No,0
115.83,No,0
115.83,No,0
116.0,No,0
116.0,No,0
116.0,No,0
116.0,No,0
116.17,No,0
116.17,No,0
116.17,No,0
116.17,No,0
116.33,No,0
116.33,No,0
116.33,No,0
116.33,No,0
116.33,No,0
116.5,No,0
116.5,No,0
116.5,No,0
116.5,No,0
116.5,No,0
116.5,No,0
116.67,No,0
116.67,No,0
116.67,No,0
116.67,No,0
116.83,No,0
116.83,No,0
116.83,No,0
116.83,No,0
116.83,No,0
117.0,No,0
117.0,No,0
117.0,No,0
117.0,No,0
117.0,No,0
117.17,No,0
117.17,No,0
117.17,No,0
117.17,No,0
117.33,No,0
117.33,No,0
117.33,No,0
117.33,No,0
117.33,No,0
117.33,Yes,1
117.33,No,0
117.5,No,0
117.5,No,0
117.5,No,0
117.67,No,0
117.67,No,0
117.67,Yes,1
118.0,No,0
118.17,No,0
118.17,No,0
118.17,No,0
118.17,Yes,1
118.17,No,0
118.17,No,0
118.17,No,0
118.17,No,0
118.33,No,0
118.33,No,0
118.33,No,0
118.33,No,0
118.33,No,0
118.33,Yes,1
118.33,No,0
118.33,No,0
118.5,No,0
118.67,No,0
118.67,No,0
118.67,No,0
118.83,No,0
118.83,No,0
118.83,No,0
118.83,No,0
118.83,No,0
118.83,No,0
119.0,No,0
119.0,No,0
119.0,No,0
119.16,No,0
119.17,No,0
119.17,No,0
119.17,No,0
119.17,No,0
119.33,No,0
119.33,No,0
119.5,No,0
119.5,No,0
119.5,No,0
119.67,No,0
119.67,No,0
119.83,No,0
119.83,No,0
119.83,No,0
119.83,No,0
119.83,No,0
120.0,No,0
120.0,No,0
120.0,No,0
120.0,No,0
120.0,No,0
120.17,No,0
120.17,No,0
120.17,No,0
120.33,No,0
120.33,No,0
120.5,No,0
120.5,No,0
120.5,No,0
120.67,No,0
120.67,No,0
120.67,No,0
120.67,Yes,1
120.67,No,0
120.67,No,0
120.67,No,0
120.83,No,0
120.83,No,0
120.83,No,0
120.83,No,0
121.0,No,0
121.0,No,0
121.0,No,0
121.0,No,0
121.0,No,0
121.0,No,0
121.17,No,0
121.17,No,0
121.17,No,0
121.17,No,0
121.17,No,0
121.17,No,0
121.33,No,0
121.33,No,0
121.33,No,0
121.33,No,0
121.5,No,0
121.5,Yes,1
121.5,No,0
121.5,No,0
121.67,No,0
121.83,No,0
121.83,No,0
121.83,No,0
121.83,No,0
121.83,No,0
121.83,No,0
122.0,No,0
122.0,No,0
122.33,No,0
122.33,No,0
122.33,No,0
122.33,Yes,1
122.33,Yes,1
122.4,No,0
122.5,No,0
122.5,No,0
122.5,No,0
122.67,No,0
122.67,Yes,1
122.67,No,0
122.67,No,0
122.83,No,0
122.83,No,0
122.83,Yes,1
122.83,No,0
122.83,No,0
122.83,No,0
123.0,No,0
123.0,No,0
123.0,No,0
123.17,No,0
123.17,No,0
123.17,No,0
123.33,No,0
123.33,No,0
123.33,No,0
123.5,No,0
123.5,No,0
123.5,No,0
123.5,Yes,1
123.67,No,0
123.67,No,0
123.83,No,0
123.83,No,0
123.83,No,0
124.0,No,0
124.0,No,0
124.0,No,0
124.0,No,0
124.0,No,0
124.17,No,0
124.17,No,0
124.17,No,0
124.17,No,0
124.17,No,0
124.17,No,0
124.33,No,0
124.33,No,0
124.33,No,0
124.33,No,0
124.33,No,0
124.33,No,0
124.5,No,0
124.5,No,0
124.5,No,0
124.5,No,0
124.5,Yes,1
124.5,No,0
124.5,No,0
124.5,No,0
124.67,No,0
124.83,No,0
124.83,No,0
124.83,No,0
124.83,No,0
125.0,No,0
125.0,No,0
125.0,No,0
125.0,No,0
125.0,No,0
125.17,Yes,1
125.17,No,0
125.17,No,0
125.17,No,0
125.17,No,0
125.17,No,0
125.33,No,0
125.33,No,0
125.33,No,0
125.33,No,0
125.67,Yes,1
125.67,No,0
125.67,No,0
125.67,No,0
125.83,No,0
125.83,No,0
125.83,No,0
126.0,No,0
126.0,No,0
126.17,No,0
126.17,No,0
126.17,No,0
126.17,Yes,1
126.33,No,0
126.33,No,0
126.5,No,0
126.5,No,0
126.67,No,0
126.67,No,0
126.67,No,0
126.67,No,0
126.67,No,0
126.83,Yes,1
127.0,No,0
127.0,No,0
127.0,No,0
127.17,No,0
127.17,No,0
127.33,No,0
127.5,Yes,1
127.5,No,0
127.5,No,0
127.5,No,0
127.67,No,0
127.67,No,0
127.67,No,0
127.67,No,0
127.83,No,0
127.83,Yes,1
127.83,No,0
127.83,No,0
127.83,No,0
127.83,No,0
128.0,No,0
128.0,No,0
128.0,No,0
128.0,No,0
128.17,No,0
128.17,No,0
128.17,No,0
128.17,No,0
128.33,No,0
128.33,No,0
128.33,No,0
128.33,No,0
128.5,No,0
128.5,No,0
128.5,No,0
128.5,No,0
128.5,No,0
128.5,No,0
128.5,No,0
128.5,No,0
128.5,No,0
128.67,No,0
128.83,No,0
129.0,No,0
129.0,No,0
129.0,Yes,1
129.0,Yes,1
129.17,No,0
129.17,Yes,1
129.17,No,0
129.17,No,0
129.17,No,0
129.17,No,0
129.17,No,0
129.33,No,0
129.33,No,0
129.33,No,0
129.5,No,0
129.5,No,0
129.67,No,0
129.67,No,0
129.83,No,0
129.83,Yes,1
129.83,No,0
129.83,No,0
129.83,No,0
130.0,No,0
130.0,No,0
130.17,Yes,1
130.17,No,0
130.17,No,0
130.17,No,0
130.33,No,0
130.33,No,0
130.33,No,0
130.5,Yes,1
130.5,No,0
130.5,No,0
130.67,No,0
130.83,No,0
130.83,No,0
130.83,No,0
131.0,No,0
131.0,No,0
131.17,No,0
131.17,No,0
131.17,No,0
131.33,No,0
131.33,No,0
131.5,No,0
131.5,No,0
131.5,No,0
131.67,No,0
131.67,No,0
131.67,No,0
131.67,No,0
131.83,No,0
131.83,No,0
131.83,No,0
132.0,No,0
132.0,No,0
132.0,No,0
132.0,No,0
132.17,No,0
132.17,No,0
132.17,No,0
132.17,No,0
132.17,No,0
132.17,No,0
132.33,No,0
132.33,No,0
132.33,No,0
132.33,No,0
132.33,No,0
132.5,No,0
132.5,No,0
132.5,No,0
132.5,No,0
132.67,No,0
132.67,No,0
132.67,No,0
132.67,No,0
132.67,No,0
132.83,Yes,1
132.83,Yes,1
132.83,No,0
132.83,No,0
133.0,No,0
133.0,No,0
133.0,Yes,1
133.0,Yes,1
133.17,No,0
133.17,No,0
133.17,Yes,1
133.17,No,0
133.2,No,0
133.33,No,0
133.33,No,0
133.33,No,0
133.33,No,0
133.5,No,0
133.5,Yes,1
133.5,No,0
133.5,No,0
133.5,No,0
133.5,No,0
133.5,No,0
133.5,No,0
133.5,Yes,1
133.67,Yes,1
133.67,No,0
133.67,No,0
133.67,No,0
133.83,No,0
133.83,No,0
133.83,No,0
133.83,No,0
134.0,No,0
134.0,No,0
134.0,No,0
134.0,No,0
134.0,No,0
134.0,No,0
134.17,No,0
134.17,No,0
134.17,No,0
134.33,No,0
134.33,No,0
134.33,No,0
134.5,No,0
134.5,No,0
134.5,No,0
134.5,No,0
134.5,No,0
134.5,No,0
134.5,No,0
134.67,No,0
134.67,No,0
134.67,No,0
134.83,No,0
134.83,No,0
134.83,No,0
135.0,Yes,1
135.0,No,0
135.0,No,0
135.0,No,0
135.17,No,0
135.33,No,0
135.33,No,0
135.33,No,0
135.33,No,0
135.5,No,0
135.5,No,0
135.5,No,0
135.5,No,0
135.67,No,0
135.67,No,0
135.83,No,0
136.0,No,0
136.0,No,0
136.0,No,0
136.0,No,0
136.0,No,0
136.0,No,0
136.17,No,0
136.17,No,0
136.25,No,0
136.33,No,0
136.33,No,0
136.5,No,0
136.5,No,0
136.5,No,0
136.5,No,0
136.67,No,0
136.67,No,0
136.67,No,0
136.67,No,0
136.67,No,0
136.83,No,0
136.83,No,0
136.83,No,0
136.83,No,0
136.83,No,0
137.0,No,0
137.0,Yes,1
137.0,No,0
137.17,No,0
137.33,No,0
137.33,No,0
137.5,Yes,1
137.5,No,0
137.67,No,0
137.67,No,0
137.83,Yes,1
138.0,No,0
138.0,No,0
138.17,No,0
138.17,No,0
138.17,No,0
138.33,No,0
138.33,No,0
138.33,No,0
138.33,No,0
138.5,No,0
138.5,No,0
138.5,No,0
138.67,No,0
138.67,No,0
139.0,No,0
139.0,No,0
139.0,No,0
139.0,No,0
139.17,Yes,1
139.17,No,0
139.17,No,0
139.25,No,0
139.33,No,0
139.33,No,0
139.5,No,0
139.5,No,0
139.5,No,0
139.5,No,0
139.5,No,0
139.5,No,0
139.67,No,0
139.67,No,0
139.67,No,0
139.67,No,0
139.67,No,0
139.67,Yes,1
139.67,No,0
139.83,No,0
140.0,No,0
140.0,No,0
140.17,Yes,1
140.17,No,0
140.17,No,0
140.33,No,0
140.33,No,0
140.33,No,0
140.33,No,0
140.33,No,0
140.5,No,0
140.5,No,0
140.67,No,0
140.83,No,0
140.83,No,0
141.0,No,0
141.0,No,0
141.0,No,0
141.0,No,0
141.17,No,0
141.17,No,0
141.17,No,0
141.33,Yes,1
141.33,No,0
141.33,No,0
141.33,No,0
141.5,No,0
141.5,No,0
141.5,No,0
141.5,No,0
141.67,No,0
141.67,No,0
141.83,No,0
141.83,No,0
142.0,No,0
142.0,No,0
142.0,Yes,1
142.17,No,0
142.33,No,0
142.33,No,0
142.33,No,0
142.33,No,0
142.33,No,0
142.5,No,0
142.83,No,0
143.0,No,0
143.0,No,0
143.0,No,0
143.0,No,0
143.17,No,0
143.5,No,0
143.5,No,0
143.5,No,0
143.5,No,0
143.67,No,0
143.67,Yes,1
143.83,No,0
143.83,No,0
143.83,Yes,1
143.83,No,0
143.83,Yes,1
144.0,No,0
144.0,No,0
144.0,No,0
144.0,No,0
144.0,No,0
144.0,No,0
144.17,No,0
144.17,No,0
144.17,No,0
144.17,No,0
144.33,No,0
144.33,No,0
144.5,No,0
144.5,No,0
144.5,No,0
144.5,No,0
144.67,No,0
144.67,No,0
144.67,No,0
144.67,No,0
144.67,No,0
144.83,No,0
144.83,No,0
144.83,No,0
144.83,No,0
144.83,Yes,1
144.83,No,0
144.83,No,0
145.0,No,0
145.17,No,0
145.17,No,0
145.17,Yes,1
145.17,No,0
145.33,No,0
145.33,No,0
145.33,No,0
145.5,No,0
145.5,No,0
145.5,No,0
145.5,No,0
145.5,No,0
145.5,No,0
145.67,No,0
145.67,No,0
145.83,No,0
145.83,Yes,1
145.83,No,0
146.0,No,0
146.0,No,0
146.0,No,0
146.33,No,0
146.33,No,0
146.33,No,0
146.33,No,0
146.33,No,0
146.5,No,0
146.5,No,0
146.5,No,0
146.67,No,0
146.67,No,0
146.67,No,0
146.67,No,0
146.67,No,0
146.83,Yes,1
146.83,No,0
147.17,No,0
147.17,No,0
147.17,No,0
147.33,No,0
147.33,No,0
147.5,No,0
147.5,No,0
147.5,No,0
147.5,No,0
147.5,No,0
147.67,No,0
147.67,No,0
147.67,No,0
147.83,No,0
147.83,No,0
147.83,No,0
147.83,No,0
148.0,No,0
148.0,No,0
148.0,No,0
148.17,No,0
148.17,No,0
148.33,No,0
148.33,No,0
148.33,No,0
148.33,No,0
148.5,No,0
148.5,No,0
148.67,No,0
148.67,No,0
148.83,No,0
148.83,No,0
148.83,No,0
148.83,No,0
148.83,No,0
148.83,No,0
148.83,No,0
148.83,No,0
149.0,No,0
149.0,No,0
149.17,Yes,1
149.17,No,0
149.17,No,0
149.33,No,0
149.5,No,0
149.67,No,0
149.83,No,0
149.83,No,0
149.83,No,0
150.0,No,0
150.0,Yes,1
150.0,No,0
150.0,No,0
150.0,No,0
150.0,No,0
150.0,No,0
150.17,No,0
150.17,No,0
150.17,No,0
150.33,No,0
150.33,No,0
150.33,No,0
150.5,Yes,1
150.5,No,0
150.5,No,0
150.5,No,0
150.6,No,0
150.67,No,0
150.67,No,0
150.83,No,0
151.0,No,0
151.0,No,0
151.17,No,0
151.17,No,0
151.17,No,0
151.33,No,0
151.33,No,0
151.33,No,0
151.5,No,0
151.5,No,0
151.5,No,0
151.5,No,0
151.67,No,0
151.67,No,0
151.67,No,0
151.67,No,0
151.83,No,0
152.0,No,0
152.0,No,0
152.0,No,0
152.17,No,0
152.17,No,0
152.17,No,0
152.33,No,0
152.33,No,0
152.33,No,0
152.5,No,0
152.5,No,0
152.67,No,0
152.67,No,0
152.67,No,0
152.67,No,0
152.83,No,0
152.83,No,0
153.0,No,0
153.0,No,0
153.0,Yes,1
153.0,No,0
153.0,No,0
153.17,No,0
153.17,No,0
153.17,No,0
153.17,No,0
153.17,No,0
153.33,No,0
153.33,No,0
153.5,No,0
153.5,No,0
153.5,No,0
153.67,No,0
153.67,No,0
153.67,No,0
153.67,No,0
153.67,Yes,1
153.67,No,0
153.67,No,0
153.83,Yes,1
153.83,No,0
153.83,No,0
153.83,No,0
153.83,No,0
153.83,Yes,1
154.0,No,0
154.0,No,0
154.0,No,0
154.0,No,0
154.0,No,0
154.17,No,0
154.17,No,0
154.33,Yes,1
154.5,No,0
154.67,Yes,1
154.67,Yes,1
154.67,No,0
154.83,No,0
155.0,No,0
155.17,No,0
155.17,No,0
155.33,No,0
155.33,No,0
155.33,No,0
155.33,No,0
155.33,No,0
155.33,No,0
155.5,Yes,1
155.5,Yes,1
155.83,No,0
155.83,No,0
156.0,No,0
156.17,No,0
156.17,No,0
156.33,No,0
156.33,No,0
156.5,No,0
156.5,No,0
156.67,No,0
156.67,No,0
156.67,No,0
156.67,No,0
156.75,No,0
156.83,No,0
156.83,No,0
157.0,No,0
157.0,No,0
157.17,No,0
157.33,No,0
157.33,No,0
157.33,No,0
157.33,No,0
157.5,No,0
157.5,No,0
157.5,No,0
157.5,No,0
157.5,No,0
157.67,Yes,1
157.67,No,0
157.67,No,0
157.67,No,0
158.17,No,0
158.17,No,0
158.33,No,0
158.33,No,0
158.5,No,0
158.5,No,0
158.67,No,0
158.67,No,0
158.67,No,0
158.83,No,0
158.83,No,0
158.83,No,0
159.0,No,0
159.0,No,0
159.17,No,0
159.17,No,0
159.17,No,0
159.33,No,0
159.33,No,0
159.5,No,0
159.5,No,0
159.5,No,0
159.67,No,0
159.67,No,0
159.67,No,0
159.67,No,0
159.83,No,0
159.83,No,0
159.83,No,0
160.0,No,0
160.0,Yes,1
160.0,Yes,1
160.0,No,0
160.0,No,0
160.17,No,0
160.17,No,0
160.17,No,0
160.17,No,0
160.17,No,0
160.33,No,0
160.33,No,0
160.33,No,0
160.5,No,0
160.5,No,0
160.5,No,0
160.67,No,0
160.67,No,0
160.67,No,0
160.67,No,0
160.75,No,0
160.83,No,0
161.0,No,0
161.0,No,0
161.0,No,0
161.0,No,0
161.0,No,0
161.0,No,0
161.0,No,0
161.0,No,0
161.0,Yes,1
161.33,No,0
161.33,No,0
161.33,No,0
161.5,No,0
161.5,No,0
161.5,No,0
161.5,No,0
161.5,No,0
161.5,No,0
161.5,No,0
161.67,No,0
161.67,No,0
161.67,No,0
161.67,No,0
161.83,No,0
162.0,No,0
162.0,No,0
162.0,No,0
162.17,No,0
162.17,No,0
162.33,No,0
162.5,No,0
162.67,No,0
162.83,No,0
163.0,No,0
163.0,No,0
163.0,No,0
163.33,No,0
163.33,No,0
163.33,No,0
163.33,No,0
163.5,No,0
163.5,No,0
163.67,No,0
163.83,No,0
163.83,No,0
164.0,No,0
164.0,No,0
164.0,Yes,1
164.0,No,0
164.17,No,0
164.17,No,0
164.17,No,0
164.17,No,0
164.17,No,0
164.33,No,0
164.33,No,0
164.5,No,0
164.5,No,0
164.5,No,0
164.67,No,0
164.67,No,0
164.67,No,0
164.67,No,0
164.83,No,0
164.83,No,0
164.83,No,0
165.0,No,0
165.0,No,0
165.17,No,0
165.17,No,0
165.17,No,0
165.2,No,0
165.33,No,0
165.33,No,0
165.5,No,0
165.5,No,0
165.5,No,0
165.67,No,0
165.83,No,0
166.0,No,0
166.17,No,0
166.17,No,0
166.17,No,0
166.17,Yes,1
166.17,No,0
166.17,No,0
166.33,No,0
166.33,No,0
166.33,No,0
166.5,No,0
166.5,Yes,1
166.6,No,0
166.67,No,0
166.67,No,0
166.83,No,0
166.83,No,0
166.83,No,0
166.83,No,0
166.83,No,0
167.0,No,0
167.0,No,0
167.0,No,0
167.0,No,0
167.17,No,0
167.17,No,0
167.17,No,0
167.17,No,0
167.33,No,0
167.33,No,0
167.5,No,0
167.5,No,0
167.5,No,0
167.67,No,0
167.67,No,0
167.83,No,0
168.0,No,0
168.0,No,0
168.0,No,0
168.17,No,0
168.17,No,0
168.17,No,0
168.17,No,0
168.33,No,0
168.5,No,0
168.5,No,0
168.5,No,0
168.5,No,0
168.67,No,0
168.67,No,0
168.83,No,0
168.83,Yes,1
168.83,No,0
168.83,Yes,1
168.83,No,0
169.0,No,0
169.0,No,0
169.17,No,0
169.17,Yes,1
169.17,Yes,1
169.33,No,0
169.33,Yes,1
169.33,No,0
169.33,No,0
169.33,Yes,1
169.5,No,0
169.5,No,0
169.67,No,0
169.67,No,0
169.67,No,0
169.83,No,0
169.83,No,0
169.83,No,0
170.0,No,0
170.0,No,0
170.0,No,0
170.0,No,0
170.0,No,0
170.0,No,0
170.17,No,0
170.33,No,0
170.33,No,0
170.5,No,0
170.5,No,0
170.67,No,0
170.67,No,0
170.67,No,0
170.83,No,0
170.83,No,0
170.83,No,0
171.0,No,0
171.0,No,0
171.0,No,0
171.0,No,0
171.17,No,0
171.17,No,0
171.17,No,0
171.17,Yes,1
171.33,No,0
171.5,No,0
171.5,No,0
171.67,No,0
171.67,No,0
171.67,No,0
171.67,No,0
171.83,No,0
171.83,No,0
171.83,No,0
171.83,No,0
172.0,No,0
172.0,No,0
172.0,No,0
172.0,No,0
172.0,Yes,1
172.0,No,0
172.17,No,0
172.17,Yes,1
172.17,No,0
172.17,No,0
172.17,No,0
172.33,No,0
172.4,No,0
172.5,No,0
172.5,No,0
172.5,No,0
172.5,No,0
172.5,No,0
173.0,No,0
173.0,No,0
173.17,No,0
173.17,No,0
173.33,No,0
173.33,No,0
173.5,No,0
173.5,No,0
173.5,No,0
173.5,No,0
173.5,No,0
173.67,No,0
173.83,No,0
174.0,No,0
174.17,No,0
174.17,Yes,1
174.17,No,0
174.17,No,0
174.33,No,0
174.33,No,0
174.5,Yes,1
174.5,No,0
174.67,No,0
174.67,No,0
174.67,No,0
174.83,Yes,1
174.83,No,0
174.83,No,0
175.0,No,0
175.0,No,0
175.0,No,0
175.17,Yes,1
175.17,No,0
175.33,No,0
175.5,No,0
175.5,No,0
175.5,No,0
175.5,No,0
175.67,No,0
175.67,No,0
175.83,No,0
175.83,No,0
176.0,Yes,1
176.0,No,0
176.0,No,0
176.0,No,0
176.17,No,0
176.17,No,0
176.33,No,0
176.33,No,0
176.33,No,0
176.5,No,0
176.5,No,0
176.5,No,0
176.5,No,0
176.67,No,0
176.83,No,0
177.0,No,0
177.0,No,0
177.0,No,0
177.0,No,0
177.17,Yes,1
177.17,No,0
177.17,No,0
177.2,No,0
177.33,No,0
177.33,No,0
177.33,No,0
177.33,Yes,1
177.5,No,0
177.67,Yes,1
177.67,No,0
177.67,No,0
177.67,No,0
177.67,No,0
177.67,No,0
177.67,No,0
177.83,No,0
177.83,No,0
178.0,No,0
178.0,No,0
178.0,Yes,1
178.0,No,0
178.0,No,0
178.0,No,0
178.33,No,0
178.5,No,0
178.67,No,0
178.67,No,0
178.67,Yes,1
178.67,Yes,1
178.83,No,0
178.83,Yes,1
178.83,No,0
178.83,No,0
178.83,No,0
179.0,No,0
179.0,No,0
179.17,Yes,1
179.17,No,0
179.17,No,0
179.33,No,0
179.33,No,0
179.33,No,0
179.5,No,0
179.5,No,0
179.67,No,0
179.67,No,0
179.67,No,0
179.67,No,0
179.67,No,0
179.83,No,0
179.83,No,0
179.83,No,0
180.0,No,0
180.0,No,0
180.0,No,0
180.0,No,0
180.17,Yes,1
180.17,No,0
180.5,No,0
180.5,No,0
180.5,Yes,1
180.5,No,0
180.67,No,0
180.67,No,0
180.83,Yes,1
180.83,No,0
180.83,No,0
181.0,No,0
181.0,No,0
181.0,No,0
181.17,No,0
181.17,Yes,1
181.33,No,0
181.5,No,0
181.5,No,0
181.5,No,0
181.6,No,0
181.83,No,0
181.83,No,0
181.83,No,0
181.83,No,0
182.0,No,0
182.0,No,0
182.0,No,0
182.17,No,0
182.17,No,0
182.17,No,0
182.33,No,0
182.5,No,0
182.5,No,0
182.5,No,0
182.67,No,0
182.67,No,0
183.0,Yes,1
183.0,Yes,1
183.0,No,0
183.0,No,0
183.17,No,0
183.33,No,0
183.5,No,0
183.5,No,0
183.5,No,0
183.67,No,0
183.67,No,0
183.83,No,0
183.83,No,0
184.0,No,0
184.0,No,0
184.0,No,0
184.0,No,0
184.0,No,0
184.0,No,0
184.0,No,0
184.33,Yes,1
184.33,No,0
184.5,No,0
184.5,No,0
184.5,No,0
184.5,No,0
184.67,No,0
184.83,No,0
184.83,No,0
184.83,No,0
184.83,No,0
184.83,No,0
184.83,No,0
184.83,No,0
185.0,No,0
185.17,No,0
185.17,No,0
185.17,No,0
185.17,No,0
185.33,No,0
185.33,No,0
185.33,No,0
185.5,No,0
185.67,No,0
185.67,Yes,1
185.67,No,0
185.67,No,0
185.67,No,0
185.75,No,0
185.83,No,0
185.83,No,0
186.0,No,0
186.17,No,0
186.17,No,0
186.17,No,0
186.17,Yes,1
186.17,No,0
186.33,No,0
186.5,No,0
186.5,No,0
186.5,No,0
186.5,No,0
186.67,No,0
186.67,No,0
186.83,No,0
187.0,No,0
187.0,No,0
187.0,No,0
187.17,No,0
187.17,No,0
187.17,No,0
187.17,No,0
187.33,No,0
187.33,No,0
187.33,No,0
187.5,No,0
187.5,No,0
187.5,No,0
187.5,No,0
187.5,Yes,1
187.67,No,0
187.67,Yes,1
187.67,Yes,1
187.67,No,0
187.83,No,0
187.83,No,0
188.0,No,0
188.17,No,0
188.17,No,0
188.33,No,0
188.33,No,0
188.5,No,0
188.67,No,0
188.83,No,0
188.83,No,0
189.0,No,0
189.17,No,0
189.33,No,0
189.33,Yes,1
189.5,No,0
189.5,No,0
189.67,No,0
189.67,No,0
189.67,No,0
189.67,No,0
189.67,No,0
189.83,No,0
189.83,Yes,1
190.0,No,0
190.0,No,0
190.0,Yes,1
190.0,No,0
190.17,No,0
190.17,No,0
190.17,No,0
190.17,No,0
190.17,No,0
190.17,No,0
190.17,No,0
190.33,No,0
190.5,Yes,1
190.5,No,0
190.5,No,0
190.67,No,0
190.67,No,0
190.67,No,0
190.83,No,0
190.83,No,0
191.0,Yes,1
191.0,No,0
191.0,No,0
191.17,No,0
191.17,No,0
191.33,No,0
191.33,No,0
191.33,No,0
191.5,No,0
191.5,No,0
191.67,No,0
191.67,No,0
191.75,No,0
191.83,No,0
192.0,No,0
192.17,No,0
192.33,No,0
192.33,No,0
192.33,No,0
192.33,No,0
192.33,Yes,1
192.5,No,0
192.67,No,0
192.67,No,0
192.67,No,0
193.0,Yes,1
193.0,Yes,1
193.17,No,0
193.17,No,0
193.5,No,0
193.67,No,0
194.0,No,0
194.0,No,0
194.17,No,0
194.33,No,0
194.33,No,0
194.33,No,0
194.4,No,0
194.5,No,0
194.5,No,0
194.5,No,0
194.5,Yes,1
194.5,No,0
194.67,No,0
194.67,No,0
194.67,No,0
194.83,No,0
194.83,No,0
195.17,No,0
195.33,No,0
195.33,No,0
195.33,No,0
195.33,No,0
195.5,No,0
195.5,No,0
195.5,No,0
195.67,No,0
196.0,No,0
196.0,No,0
196.0,No,0
196.33,No,0
196.5,No,0
196.83,No,0
196.83,No,0
197.0,No,0
197.17,No,0
197.33,No,0
197.33,No,0
197.33,No,0
197.5,No,0
197.5,No,0
197.5,No,0
197.67,No,0
197.83,Yes,1
197.83,No,0
197.83,No,0
198.33,No,0
198.33,No,0
198.33,No,0
198.5,No,0
198.5,No,0
198.67,No,0
199.0,No,0
199.0,No,0
199.17,No,0
199.17,No,0
199.5,No,0
199.67,No,0
199.83,No,0
200.0,No,0
200.17,No,0
200.17,No,0
200.17,No,0
200.17,No,0
200.17,No,0
200.17,No,0
200.17,No,0
200.33,No,0
200.5,No,0
200.83,No,0
201.0,No,0
201.17,No,0
201.33,No,0
201.5,No,0
201.5,No,0
201.67,No,0
201.83,No,0
201.83,No,0
201.83,No,0
201.83,No,0
202.0,No,0
202.17,No,0
202.33,No,0
202.33,No,0
202.5,No,0
202.67,No,0
202.67,No,0
202.83,Yes,1
202.83,No,0
202.83,Yes,1
203.0,Yes,1
203.17,No,0
203.33,No,0
203.33,No,0
203.33,No,0
203.33,No,0
203.33,Yes,1
203.33,No,0
203.67,No,0
203.67,No,0
203.67,Yes,1
203.83,No,0
203.83,No,0
204.0,No,0
204.0,No,0
204.0,No,0
204.17,No,0
204.17,No,0
204.33,No,0
204.33,No,0
204.33,No,0
204.33,No,0
204.5,No,0
204.5,No,0
204.67,No,0
204.67,No,0
205.0,No,0
205.0,No,0
205.17,No,0
205.17,No,0
205.33,No,0
205.5,No,0
205.5,No,0
205.67,No,0
205.67,No,0
206.0,No,0
206.33,Yes,1
206.33,No,0
206.33,No,0
206.4,No,0
206.5,No,0
206.5,No,0
206.83,No,0
206.83,No,0
207.0,No,0
207.0,No,0
207.0,No,0
207.0,No,0
207.0,No,0
207.17,No,0
207.17,No,0
207.33,No,0
207.33,No,0
207.33,No,0
207.5,No,0
207.5,No,0
207.67,No,0
207.67,No,0
207.83,No,0
207.83,No,0
207.83,No,0
208.17,No,0
208.17,Yes,1
208.17,No,0
208.17,No,0
208.33,Yes,1
208.33,No,0
208.33,No,0
208.33,Yes,1
208.67,No,0
208.67,No,0
208.75,No,0
208.83,No,0
208.84,No,0
209.0,No,0
209.17,No,0
209.33,No,0
209.5,No,0
209.5,No,0
209.83,No,0
209.83,No,0
210.0,Yes,1
210.17,No,0
210.17,No,0
210.33,No,0
210.33,No,0
210.33,No,0
210.5,No,0
210.67,No,0
210.67,No,0
210.67,No,0
210.83,No,0
211.0,No,0
211.0,No,0
211.17,No,0
211.2,No,0
211.33,No,0
211.33,No,0
211.33,No,0
211.5,No,0
211.5,No,0
211.83,No,0
211.83,No,0
212.0,No,0
212.0,No,0
212.0,No,0
212.17,No,0
212.33,No,0
212.5,No,0
212.67,No,0
212.83,No,0
212.83,No,0
212.83,No,0
212.83,No,0
212.83,No,0
213.0,No,0
213.17,No,0
213.17,No,0
213.67,Yes,1
213.83,No,0
214.0,No,0
214.0,No,0
214.0,No,0
214.17,Yes,1
214.17,No,0
214.33,No,0
214.33,No,0
214.33,No,0
214.5,No,0
214.5,No,0
214.83,No,0
214.83,No,0
214.83,No,0
214.83,No,0
215.0,No,0
215.17,No,0
215.17,No,0
215.17,Yes,1
215.17,No,0
215.33,No,0
215.33,No,0
215.5,No,0
215.5,No,0
215.5,Yes,1
215.67,No,0
215.83,No,0
216.0,No,0
216.0,No,0
216.0,No,0
216.17,No,0
216.33,No,0
216.5,No,0
217.0,No,0
217.17,No,0
217.17,No,0
217.33,No,0
217.33,No,0
217.5,No,0
217.5,No,0
217.5,No,0
217.67,Yes,1
217.67,No,0
217.67,No,0
217.83,No,0
218.0,No,0
218.0,No,0
218.33,No,0
218.33,No,0
218.5,No,0
218.83,No,0
219.0,No,0
219.17,No,0
219.33,No,0
219.33,No,0
219.33,No,0
219.5,No,0
219.67,No,0
219.67,No,0
219.67,No,0
219.83,No,0
220.0,No,0
220.0,No,0
220.17,No,0
220.33,No,0
220.33,No,0
220.5,No,0
220.5,No,0
220.5,No,0
220.5,No,0
220.5,No,0
220.5,No,0
220.67,No,0
220.67,No,0
220.83,No,0
221.0,No,0
221.17,No,0
221.17,Yes,1
221.17,No,0
221.17,No,0
221.33,No,0
221.33,No,0
221.33,No,0
221.33,No,0
221.33,No,0
221.33,No,0
221.5,Yes,1
221.5,No,0
221.67,No,0
221.67,No,0
221.67,No,0
221.67,No,0
221.67,No,0
222.0,No,0
222.0,No,0
222.0,Yes,1
222.17,No,0
222.17,No,0
222.17,No,0
222.33,No,0
222.33,No,0
222.33,No,0
222.33,No,0
222.33,No,0
222.33,No,0
222.33,Yes,1
222.5,No,0
222.5,No,0
222.5,No,0
222.5,No,0
222.5,No,0
222.67,No,0
223.0,Yes,1
223.0,No,0
223.0,No,0
223.17,No,0
223.33,No,0
223.33,No,0
223.5,No,0
223.5,No,0
223.67,No,0
223.83,No,0
224.0,No,0
224.0,No,0
224.17,No,0
224.17,No,0
224.17,No,0
224.33,No,0
224.33,No,0
224.5,No,0
224.5,No,0
224.67,No,0
224.83,No,0
224.83,No,0
225.0,No,0
225.0,No,0
225.17,Yes,1
225.17,No,0
225.17,No,0
225.33,No,0
225.5,No,0
225.67,Yes,1
225.67,No,0
225.67,No,0
225.67,No,0
225.83,No,0
226.0,No,0
226.0,No,0
226.0,No,0
226.33,No,0
226.33,No,0
226.33,No,0
226.33,No,0
226.33,No,0
226.33,No,0
226.5,No,0
226.67,No,0
226.83,No,0
226.83,No,0
226.83,No,0
226.84,No,0
227.0,No,0
227.0,No,0
227.0,No,0
227.17,No,0
227.17,No,0
227.33,No,0
227.33,No,0
227.33,No,0
227.5,No,0
227.5,Yes,1
227.67,No,0
227.83,No,0
228.0,No,0
228.17,No,0
228.17,No,0
228.17,No,0
228.67,Yes,1
228.83,No,0
228.83,No,0
228.83,No,0
229.0,No,0
229.0,No,0
229.17,No,0
229.33,No,0
229.33,No,0
229.33,No,0
229.5,No,0
229.5,No,0
229.5,No,0
229.5,No,0
229.83,Yes,1
230.17,No,0
230.17,No,0
230.2,No,0
230.33,No,0
230.5,No,0
230.5,No,0
230.67,No,0
230.67,No,0
230.67,No,0
230.67,No,0
230.83,No,0
231.0,Yes,1
231.0,No,0
231.0,Yes,1
231.0,Yes,1
231.0,No,0
231.17,No,0
231.17,No,0
231.33,No,0
231.5,No,0
231.5,No,0
231.67,No,0
231.83,No,0
232.0,No,0
232.17,No,0
232.17,No,0
232.33,No,0
232.33,No,0
232.33,No,0
232.5,No,0
232.5,No,0
232.5,No,0
232.67,No,0
232.67,Yes,1
232.67,No,0
232.67,No,0
232.83,No,0
233.17,No,0
233.33,No,0
233.5,No,0
233.67,No,0
233.67,No,0
233.75,Yes,1
233.83,No,0
234.0,No,0
234.0,No,0
234.17,No,0
234.33,No,0
234.67,No,0
234.67,No,0
234.83,No,0
234.83,No,0
234.83,No,0
235.0,No,0
235.17,No,0
235.17,No,0
235.17,No,0
235.33,No,0
235.33,No,0
235.33,No,0
235.33,No,0
235.33,No,0
235.5,No,0
235.5,No,0
236.17,No,0
236.33,No,0
236.33,No,0
236.67,No,0
236.67,No,0
236.67,No,0
236.67,No,0
236.83,No,0
236.83,Yes,1
237.0,No,0
237.17,No,0
237.17,No,0
237.33,No,0
237.5,No,0
237.67,No,0
237.83,No,0
238.0,No,0
238.0,No,0
238.0,No,0
238.0,No,0
238.17,No,0
238.17,No,0
238.17,No,0
238.17,No,0
238.5,No,0
238.67,No,0
238.67,Yes,1
238.83,Yes,1
238.83,No,0
239.0,No,0
239.33,No,0
239.5,No,0
239.5,No,0
239.67,No,0
239.67,Yes,1
239.83,No,0
239.83,No,0
240.17,No,0
240.17,No,0
240.17,No,0
240.17,No,0
240.33,No,0
240.33,No,0
240.5,No,0
240.67,No,0
240.67,No,0
240.67,No,0
240.83,No,0
240.83,No,0
240.83,No,0
241.17,No,0
241.17,No,0
241.33,No,0
241.33,No,0
241.67,No,0
241.83,No,0
242.0,No,0
242.0,No,0
242.17,No,0
242.17,No,0
242.17,No,0
242.33,No,0
242.83,No,0
243.17,No,0
243.17,No,0
243.4,No,0
243.5,No,0
243.5,Yes,1
243.83,No,0
244.0,No,0
244.17,Yes,1
244.17,No,0
244.17,No,0
244.17,No,0
244.17,Yes,1
244.33,No,0
244.33,No,0
244.33,No,0
244.33,No,0
244.33,No,0
244.33,Yes,1
244.33,No,0
244.67,No,0
245.0,No,0
245.5,Yes,1
245.5,No,0
245.5,Yes,1
245.83,No,0
245.83,Yes,1
245.83,No,0
246.0,No,0
246.33,No,0
246.33,No,0
246.5,No,0
246.66,No,0
246.67,No,0
247.0,No,0
247.0,No,0
247.17,No,0
247.17,No,0
247.17,No,0
247.33,No,0
247.5,No,0
247.83,No,0
248.0,No,0
248.0,Yes,1
248.0,No,0
248.0,No,0
248.17,No,0
248.5,No,0
248.5,Yes,1
248.5,Yes,1
248.5,No,0
248.5,No,0
248.5,No,0
248.67,No,0
248.67,No,0
249.0,No,0
249.0,No,0
249.17,No,0
249.17,No,0
249.33,No,0
249.33,No,0
249.5,No,0
249.67,No,0
250.0,No,0
250.0,No,0
250.0,No,0
250.33,No,0
250.33,No,0
250.5,No,0
250.6,No,0
250.83,No,0
251.17,No,0
251.17,Yes,1
251.33,No,0
251.5,No,0
251.67,No,0
251.67,No,0
251.83,No,0
252.0,No,0
252.0,No,0
252.0,No,0
252.0,No,0
252.0,No,0
252.17,Yes,1
252.33,No,0
252.33,No,0
252.33,No,0
252.5,No,0
252.5,Yes,1
252.67,No,0
252.67,No,0
252.83,No,0
252.83,No,0
252.83,No,0
252.83,No,0
253.0,No,0
253.0,No,0
253.33,No,0
253.5,No,0
253.5,No,0
253.5,No,0
253.67,No,0
253.83,No,0
253.83,No,0
254.0,No,0
254.33,No,0
254.33,No,0
254.33,No,0
254.33,No,0
254.5,No,0
254.5,No,0
254.83,No,0
255.17,Yes,1
255.17,No,0
255.17,No,0
255.83,No,0
256.17,No,0
256.66,No,0
256.67,No,0
256.67,No,0
256.67,No,0
256.83,No,0
257.0,No,0
257.17,No,0
257.67,No,0
257.67,No,0
257.83,No,0
257.83,No,0
258.33,Yes,1
258.5,No,0
258.67,No,0
258.67,No,0
258.67,No,0
258.83,No,0
259.0,No,0
259.0,No,0
259.17,No,0
259.33,No,0
260.0,No,0
260.17,No,0
260.33,No,0
260.33,Yes,1
260.83,No,0
260.83,No,0
261.0,No,0
261.0,No,0
261.17,No,0
261.17,No,0
261.17,No,0
261.5,No,0
261.67,No,0
261.67,No,0
262.0,No,0
262.17,No,0
262.33,Yes,1
262.33,No,0
262.5,No,0
263.0,No,0
263.0,No,0
263.17,No,0
263.67,No,0
264.0,No,0
264.0,No,0
264.17,No,0
264.5,No,0
264.67,No,0
264.67,No,0
264.67,No,0
264.67,Yes,1
265.0,No,0
265.0,No,0
265.17,No,0
265.33,No,0
265.5,No,0
265.67,No,0
265.67,Yes,1
265.67,No,0
265.67,No,0
265.83,No,0
266.0,Yes,1
266.33,No,0
266.67,No,0
267.0,No,0
267.0,No,0
267.17,No,0
267.17,No,0
267.33,No,0
267.33,No,0
267.5,No,0
267.5,No,0
267.5,No,0
267.67,No,0
267.83,Yes,1
267.83,No,0
268.0,No,0
268.17,No,0
268.17,No,0
268.17,No,0
268.5,No,0
268.5,No,0
268.83,No,0
268.83,No,0
269.0,No,0
269.0,Yes,1
269.33,No,0
269.4,No,0
269.67,No,0
270.0,No,0
270.0,No,0
270.0,No,0
270.33,No,0
270.5,No,0
270.67,Yes,1
271.5,No,0
271.67,No,0
272.0,No,0
272.17,No,0
272.33,No,0
272.5,No,0
272.67,No,0
273.0,No,0
273.17,No,0
273.33,No,0
273.5,No,0
273.83,No,0
273.83,No,0
273.83,No,0
274.0,No,0
274.0,No,0
274.0,No,0
274.17,No,0
274.5,No,0
274.67,No,0
274.67,No,0
274.83,No,0
275.0,No,0
275.33,No,0
275.33,Yes,1
275.5,No,0
275.5,No,0
275.67,No,0
275.67,No,0
275.67,No,0
275.83,No,0
276.0,No,0
276.5,Yes,1
276.67,No,0
276.67,Yes,1
276.83,No,0
276.83,No,0
277.0,No,0
277.0,No,0
277.17,No,0
277.17,No,0
277.17,No,0
277.5,No,0
277.83,No,0
277.83,No,0
278.33,No,0
278.5,No,0
278.67,No,0
278.67,Yes,1
278.67,No,0
279.0,No,0
279.17,No,0
279.5,No,0
279.5,No,0
279.67,No,0
279.67,No,0
280.0,No,0
280.0,No,0
280.17,No,0
280.33,No,0
280.33,Yes,1
280.5,No,0
280.5,No,0
280.67,Yes,1
280.83,No,0
281.0,No,0
281.0,No,0
281.17,No,0
281.17,No,0
281.17,No,0
281.33,No,0
281.5,No,0
281.5,Yes,1
281.67,Yes,1
281.83,No,0
281.83,No,0
282.0,No,0
282.17,Yes,1
282.17,No,0
282.17,Yes,1
282.33,No,0
282.33,No,0
282.5,No,0
282.67,Yes,1
283.17,No,0
283.17,Yes,1
283.5,No,0
283.67,No,0
283.83,No,0
284.17,No,0
284.33,Yes,1
284.4,No,0
284.5,No,0
284.67,No,0
285.0,No,0
285.0,No,0
285.0,No,0
285.17,No,0
285.17,Yes,1
285.17,No,0
285.17,No,0
285.33,No,0
285.5,No,0
285.67,No,0
286.0,No,0
286.17,No,0
286.33,No,0
286.5,Yes,1
286.5,Yes,1
286.67,No,0
287.17,No,0
287.17,No,0
287.17,No,0
287.5,No,0
287.67,No,0
287.67,No,0
287.8,No,0
287.83,No,0
287.83,No,0
288.0,No,0
288.17,No,0
288.33,No,0
288.33,No,0
288.5,No,0
288.5,No,0
288.67,No,0
288.67,No,0
289.0,No,0
289.33,No,0
289.33,No,0
289.5,No,0
289.67,No,0
289.83,No,0
290.17,Yes,1
290.33,No,0
290.5,No,0
290.67,No,0
291.0,No,0
291.33,No,0
291.34,No,0
291.5,No,0
291.5,No,0
291.67,No,0
291.83,No,0
292.17,No,0
292.17,No,0
292.17,Yes,1
292.5,No,0
292.5,No,0
292.5,No,0
292.83,No,0
292.83,No,0
293.0,No,0
293.0,No,0
293.0,No,0
293.17,No,0
293.17,No,0
293.17,No,0
293.5,No,0
293.5,No,0
293.67,No,0
293.83,No,0
294.0,No,0
294.0,No,0
294.17,No,0
294.67,No,0
294.67,No,0
295.0,No,0
295.0,No,0
295.17,Yes,1
295.17,No,0
295.17,Yes,1
295.33,No,0
295.33,No,0
295.33,No,0
295.5,No,0
295.67,No,0
295.67,No,0
295.67,No,0
295.83,No,0
296.5,No,0
296.6,No,0
296.67,No,0
296.83,Yes,1
296.83,No,0
296.83,No,0
297.33,No,0
297.33,Yes,1
298.0,No,0
298.0,No,0
298.0,No,0
298.0,No,0
298.17,No,0
298.17,No,0
298.17,No,0
298.17,No,0
298.17,No,0
298.5,No,0
298.5,No,0
298.67,No,0
299.17,No,0
299.17,No,0
299.33,No,0
299.33,No,0
299.33,No,0
299.67,No,0
299.67,No,0
299.83,No,0
300.0,Yes,1
300.17,No,0
300.33,No,0
300.67,No,0
300.83,No,0
301.0,No,0
301.33,No,0
302.5,No,0
302.5,No,0
302.67,Yes,1
302.83,Yes,1
303.0,No,0
303.17,No,0
303.33,No,0
303.5,No,0
303.5,No,0
303.67,No,0
303.67,No,0
304.0,No,0
304.17,Yes,1
304.17,No,0
304.67,No,0
305.0,No,0
305.17,No,0
305.67,No,0
305.67,No,0
305.67,No,0
305.83,No,0
305.83,No,0
306.0,Yes,1
306.0,No,0
306.0,No,0
306.33,No,0
306.5,No,0
306.83,No,0
307.17,No,0
307.17,No,0
307.17,No,0
307.33,No,0
307.33,No,0
307.5,No,0
307.83,No,0
308.0,No,0
308.0,No,0
308.17,No,0
308.33,No,0
308.33,No,0
308.5,No,0
308.5,No,0
308.67,Yes,1
308.67,No,0
309.0,No,0
309.0,No,0
309.17,No,0
309.17,No,0
309.33,No,0
309.67,No,0
309.83,No,0
310.17,No,0
310.17,No,0
310.33,No,0
310.33,Yes,1
310.6,No,0
310.83,Yes,1
310.83,No,0
311.0,No,0
311.0,No,0
311.17,No,0
311.17,No,0
311.33,Yes,1
311.67,No,0
312.0,No,0
312.17,No,0
312.17,No,0
312.33,No,0
312.5,No,0
312.5,No,0
312.67,No,0
312.67,No,0
313.0,No,0
313.0,No,0
313.17,No,0
313.17,No,0
313.83,No,0
313.83,Yes,1
313.83,No,0
314.0,No,0
314.0,No,0
314.17,No,0
314.17,No,0
314.17,Yes,1
314.5,Yes,1
314.83,No,0
314.83,Yes,1
315.17,No,0
315.17,No,0
315.5,No,0
316.0,No,0
316.17,No,0
316.25,No,0
316.33,Yes,1
316.67,No,0
316.83,No,0
316.83,Yes,1
317.33,No,0
317.33,No,0
317.5,Yes,1
317.5,No,0
317.5,No,0
317.67,No,0
317.83,No,0
318.0,No,0
318.0,No,0
318.33,No,0
318.33,No,0
318.5,No,0
318.5,No,0
318.5,No,0
318.67,No,0
318.67,No,0
318.67,No,0
319.0,No,0
319.67,No,0
319.67,No,0
319.83,Yes,1
320.0,No,0
320.17,No,0
321.0,No,0
322.5,No,0
322.67,No,0
323.0,No,0
323.17,No,0
323.17,No,0
323.2,No,0
323.33,No,0
323.5,No,0
323.5,No,0
323.67,Yes,1
324.0,No,0
324.0,No,0
324.17,No,0
324.17,No,0
324.33,No,0
324.67,No,0
325.17,No,0
325.33,No,0
326.0,No,0
326.17,No,0
326.17,No,0
326.5,No,0
326.5,No,0
327.33,No,0
328.33,No,0
328.5,No,0
328.83,No,0
329.17,No,0
329.5,No,0
330.17,No,0
331.0,No,0
331.0,No,0
331.33,No,0
331.5,No,0
331.67,Yes,1
332.0,No,0
332.33,Yes,1
332.5,No,0
332.83,No,0
332.83,No,0
333.0,No,0
333.17,No,0
333.5,No,0
333.5,No,0
333.67,No,0
334.0,No,0
334.5,No,0
334.67,No,0
334.67,Yes,1
334.67,No,0
334.67,No,0
335.0,No,0
335.0,No,0
335.17,Yes,1
335.33,No,0
336.0,No,0
336.0,No,0
336.17,No,0
336.17,No,0
336.33,No,0
336.5,No,0
336.67,No,0
337.0,No,0
337.5,No,0
338.17,No,0
338.33,No,0
338.67,No,0
339.17,No,0
339.17,No,0
339.17,No,0
339.5,No,0
339.83,No,0
340.0,No,0
340.33,No,0
340.33,No,0
340.5,No,0
340.67,No,0
341.0,No,0
342.0,No,0
342.0,No,0
342.33,No,0
342.33,No,0
342.5,No,0
342.5,No,0
342.67,No,0
342.83,No,0
343.67,No,0
343.83,No,0
344.33,No,0
344.5,No,0
344.83,No,0
345.0,No,0
345.17,Yes,1
345.33,No,0
345.33,No,0
346.33,No,0
346.33,No,0
346.33,No,0
346.5,Yes,1
346.67,Yes,1
346.83,No,0
347.0,No,0
347.0,No,0
347.17,No,0
347.33,No,0
347.5,No,0
347.5,No,0
347.67,No,0
348.17,No,0
348.33,No,0
349.0,No,0
349.4,No,0
349.5,No,0
350.17,No,0
350.67,No,0
351.17,No,0
351.83,No,0
352.0,No,0
352.17,No,0
352.83,No,0
353.0,No,0
353.17,No,0
353.5,No,0
353.67,No,0
354.17,No,0
354.5,No,0
354.5,No,0
354.67,No,0
354.67,No,0
354.67,No,0
355.17,No,0
355.33,No,0
355.67,No,0
355.83,No,0
356.5,No,0
356.5,No,0
356.83,No,0
357.5,No,0
357.83,No,0
358.33,No,0
358.5,No,0
358.5,No,0
358.83,No,0
359.17,No,0
359.67,No,0
360.17,No,0
360.83,No,0
360.83,Yes,1
361.0,Yes,1
361.0,No,0
361.17,Yes,1
361.83,No,0
362.33,No,0
362.5,No,0
362.67,No,0
362.83,No,0
363.5,No,0
363.5,No,0
363.83,Yes,1
363.83,No,0
364.17,No,0
364.33,No,0
364.5,No,0
364.83,No,0
365.33,No,0
365.5,Yes,1
366.0,No,0
366.17,No,0
366.33,No,0
366.33,No,0
366.67,No,0
366.83,No,0
366.83,No,0
367.33,No,0
368.0,Yes,1
368.33,No,0
368.5,No,0
368.83,Yes,1
369.0,No,0
369.33,No,0
369.5,No,0
369.83,No,0
370.67,No,0
370.83,Yes,1
370.83,No,0
371.0,No,0
371.33,No,0
371.5,No,0
371.67,No,0
372.0,No,0
372.17,No,0
372.33,No,0
372.33,No,0
372.67,No,0
372.83,No,0
373.0,No,0
373.33,No,0
373.33,No,0
373.5,No,0
373.67,No,0
373.83,No,0
374.0,No,0
374.5,No,0
374.5,No,0
375.0,No,0
375.67,No,0
375.83,No,0
376.33,Yes,1
376.5,No,0
376.67,No,0
376.67,No,0
377.33,No,0
377.5,No,0
377.67,No,0
377.67,No,0
377.83,No,0
378.0,No,0
378.0,No,0
379.0,No,0
379.0,No,0
379.33,No,0
379.5,No,0
379.83,No,0
379.83,No,0
380.33,No,0
380.33,No,0
380.33,No,0
381.0,Yes,1
381.0,No,0
381.17,No,0
381.17,No,0
381.33,No,0
381.33,No,0
382.0,No,0
382.4,No,0
382.5,No,0
382.67,No,0
383.0,No,0
383.0,No,0
383.67,No,0
383.83,No,0
384.17,No,0
384.67,No,0
384.83,No,0
384.83,No,0
385.33,No,0
385.5,No,0
385.67,No,0
385.83,No,0
386.17,No,0
386.67,No,0
387.0,No,0
387.0,No,0
387.5,No,0
387.5,No,0
388.67,No,0
388.83,No,0
389.17,No,0
389.17,No,0
389.5,No,0
389.67,No,0
389.83,No,0
390.17,No,0
390.5,No,0
390.67,No,0
391.17,No,0
391.17,No,0
391.17,No,0
391.33,No,0
392.0,No,0
392.17,No,0
392.17,No,0
392.83,No,0
392.83,No,0
393.0,No,0
393.33,No,0
394.33,No,0
394.5,No,0
395.17,No,0
395.33,No,0
395.67,No,0
395.83,No,0
396.0,No,0
396.17,No,0
397.0,Yes,1
397.5,No,0
397.67,No,0
397.67,No,0
397.83,No,0
398.0,Yes,1
398.67,No,0
399.0,No,0
400.0,No,0
400.33,No,0
400.67,No,0
400.83,No,0
401.17,No,0
401.33,No,0
401.5,No,0
401.5,No,0
402.33,No,0
402.5,No,0
402.67,No,0
402.67,No,0
402.83,No,0
403.33,Yes,1
403.83,No,0
404.0,No,0
404.0,Yes,1
404.33,No,0
404.83,No,0
405.67,No,0
405.83,Yes,1
406.33,No,0
407.33,No,0
407.67,No,0
408.0,Yes,1
408.67,No,0
409.17,No,0
409.5,No,0
410.0,No,0
410.83,No,0
411.17,No,0
411.17,No,0
411.17,Yes,1
412.17,No,0
412.83,No,0
413.0,No,0
413.75,No,0
414.33,No,0
414.33,No,0
414.5,No,0
414.83,No,0
415.33,No,0
415.5,No,0
415.5,No,0
415.83,Yes,1
417.17,No,0
417.67,No,0
417.83,No,0
418.17,No,0
418.5,No,0
419.33,No,0
420.33,No,0
420.5,No,0
421.0,No,0
423.0,No,0
423.17,No,0
423.33,No,0
424.0,No,0
424.5,No,0
425.0,No,0
425.0,No,0
425.0,No,0
426.5,No,0
426.83,No,0
427.33,No,0
427.83,No,0
430.0,No,0
430.33,Yes,1
431.33,No,0
432.0,No,0
432.67,No,0
432.8,No,0
433.17,No,0
433.17,No,0
433.33,No,0
433.5,No,0
434.5,No,0
435.0,No,0
436.83,No,0
436.83,No,0
437.0,No,0
437.17,No,0
438.17,No,0
438.17,No,0
438.67,No,0
438.83,No,0
439.17,No,0
440.33,No,0
441.17,No,0
441.17,No,0
441.75,No,0
441.83,No,0
442.17,No,0
442.34,No,0
443.33,No,0
444.0,No,0
444.5,Yes,1
444.67,No,0
444.83,No,0
445.17,No,0
445.33,No,0
445.83,No,0
446.0,No,0
448.17,No,0
448.83,No,0
449.17,No,0
449.67,No,0
450.5,No,0
450.5,No,0
451.0,No,0
452.0,Yes,1
453.17,No,0
453.83,Yes,1
455.33,No,0
456.17,No,0
457.17,No,0
457.5,No,0
457.83,No,0
457.83,No,0
458.83,No,0
459.83,No,0
460.17,No,0
460.17,No,0
460.33,No,0
460.5,No,0
460.67,No,0
461.17,Yes,1
462.17,No,0
462.66,No,0
462.83,No,0
463.17,No,0
463.5,No,0
463.67,No,0
464.0,No,0
464.17,No,0
464.17,No,0
465.0,No,0
465.33,Yes,1
466.33,No,0
466.5,No,0
466.83,Yes,1
468.17,No,0
468.67,No,0
470.0,No,0
471.33,No,0
471.83,No,0
473.83,No,0
475.33,No,0
475.67,No,0
476.0,No,0
477.83,No,0
478.5,No,0
478.83,No,0
480.0,No,0
480.17,No,0
480.5,No,0
481.33,No,0
482.0,No,0
482.33,No,0
482.5,No,0
484.17,No,0
485.33,No,0
486.17,No,0
486.33,No,0
487.83,Yes,1
488.17,No,0
488.17,No,0
488.33,No,0
488.67,No,0
488.67,Yes,1
490.17,No,0
491.67,No,0
492.17,No,0
493.5,No,0
493.67,No,0
493.83,No,0
494.67,No,0
496.33,No,0
496.33,No,0
497.0,No,0
497.17,No,0
60.33,No,0
61.17,No,0
61.33,No,0
61.5,No,0
61.83,No,0
62.33,No,0
62.5,No,0
62.83,No,0
62.83,No,0
63.5,Yes,1
63.67,No,0
63.67,No,0
64.17,No,0
64.17,No,0
65.17,No,0
65.83,No,0
65.83,No,0
66.67,No,0
66.83,Yes,1
66.83,No,0
67.17,No,0
67.33,No,0
67.33,No,0
67.5,No,0
67.83,No,0
68.0,No,0
68.17,No,0
68.67,No,0
69.33,No,0
69.5,No,0
69.83,No,0
70.0,No,0
70.17,No,0
70.33,No,0
70.83,No,0
71.17,No,0
71.5,No,0
72.0,No,0
72.0,No,0
72.17,No,0
72.5,No,0
72.83,No,0
73.0,No,0
73.17,No,0
73.67,No,0
74.5,No,0
75.33,No,0
75.5,No,0
75.67,No,0
76.83,No,0
77.17,No,0
78.0,No,0
78.0,No,0
79.0,No,0
79.0,No,0
79.0,No,0
79.17,No,0
79.5,No,0
79.67,Yes,1
79.83,No,0
80.83,Yes,1
81.5,No,0
81.83,No,0
82.83,No,0
83.0,No,0
83.33,No,0
84.0,No,0
84.33,No,0
84.83,No,0
84.83,No,0
85.0,No,0
85.0,No,0
85.5,No,0
85.83,No,0
86.0,No,0
86.0,No,0
86.33,No,0
86.33,No,0
87.5,No,0
87.83,No,0
87.83,No,0
88.17,No,0
88.67,No,0
89.0,No,0
89.0,No,0
89.17,No,0
89.17,No,0
89.5,No,0
89.67,No,0
89.83,No,0
89.83,Yes,1
90.33,No,0
92.17,Yes,1
92.83,No,0
93.5,No,0
93.83,No,0
95.33,Yes,1
97.0,No,0
97.17,No,0
99.0,No,0
99.0,No,0
100.0,No,0
100.33,No,0
101.33,No,0
102.17,No,0
103.33,No,0
103.5,No,0
103.5,No,0
103.83,No,0
104.33,No,0
104.5,No,0
105.0,No,0
106.33,No,0
106.33,No,0
107.5,No,0
108.17,No,0
109.0,No,0
109.33,No,0
110.0,No,0
110.67,No,0
111.67,No,0
112.67,No,0
113.33,No,0
113.67,No,0
114.33,No,0
115.33,No,0
115.83,No,0
117.33,No,0
118.67,No,0
119.17,No,0
120.5,No,0
120.5,No,0
120.67,No,0
122.17,No,0
122.17,No,0
124.33,No,0
125.33,No,0
125.83,No,0
126.5,No,0
126.5,No,0
126.67,No,0
128.5,No,0
130.33,No,0
131.33,No,0
132.83,Yes,1
140.33,No,0
144.0,No,0
144.17,No,0
144.17,No,0
145.0,No,0
145.5,No,0
146.67,No,0
147.83,No,0
148.83,No,0
149.0,No,0
150.0,No,0
150.83,No,0
151.17,No,0
152.33,No,0
153.67,No,0
156.0,No,0
156.17,No,0
157.0,Yes,1
157.17,No,0
159.5,No,0
161.33,No,0
165.17,No,0
167.83,No,0
168.67,No,0
172.17,No,0
175.67,No,0
179.5,No,0
184.0,No,0
184.67,No,0
188.67,Yes,1
188.83,No,0
192.17,No,0
193.33,No,0
193.83,No,0
195.33,Yes,1
196.83,No,0
206.0,No,0
207.5,Yes,1
208.5,No,0
209.67,No,0
211.6,No,0
211.67,No,0
215.17,No,0
218.67,No,0
219.67,No,0
220.33,No,0
226.33,No,0
228.17,No,0
229.33,No,0
231.33,No,0
239.33,No,0
240.5,No,0
246.33,No,0
253.5,No,0
271.83,No,0
286.33,No,0
289.0,No,0
329.33,No,0
389.83,No,0
398.83,No,0
63.83,No,0
63.83,No,0
64.0,No,0
64.0,No,0
64.0,No,0
64.0,No,0
64.17,No,0
64.17,No,0
64.17,Yes,1
64.17,No,0
64.17,No,0
64.17,No,0
64.17,No,0
64.17,No,0
64.33,No,0
64.33,No,0
64.33,No,0
64.5,No,0
64.67,No,0
64.67,No,0
64.67,No,0
64.67,No,0
64.83,No,0
64.83,No,0
64.83,No,0
64.83,No,0
64.83,No,0
65.0,No,0
65.0,No,0
65.0,No,0
65.0,No,0
65.0,No,0
65.17,No,0
65.17,No,0
65.17,No,0
65.17,No,0
65.17,No,0
65.33,No,0
65.33,No,0
65.33,No,0
65.33,No,0
65.33,No,0
65.5,No,0
65.5,No,0
65.5,No,0
65.5,No,0
65.5,No,0
65.5,No,0
65.67,No,0
65.67,No,0
65.67,No,0
65.67,No,0
65.67,No,0
65.83,No,0
65.83,No,0
65.83,No,0
65.83,No,0
65.83,No,0
65.83,No,0
66.0,No,0
66.0,No,0
66.0,No,0
66.0,No,0
66.0,Yes,1
66.17,No,0
66.33,No,0
66.33,No,0
66.33,No,0
66.5,No,0
66.5,No,0
66.5,No,0
66.5,No,0
66.5,No,0
66.67,No,0
66.67,No,0
66.67,No,0
66.67,No,0
66.83,No,0
67.0,No,0
67.0,No,0
67.0,No,0
67.17,No,0
67.17,No,0
67.17,No,0
67.17,No,0
67.17,No,0
67.17,No,0
67.17,No,0
67.17,No,0
67.17,No,0
67.17,No,0
67.33,No,0
67.33,No,0
67.33,No,0
67.33,No,0
67.5,No,0
67.5,No,0
67.5,No,0
67.5,No,0
67.5,No,0
67.5,No,0
67.5,No,0
67.5,No,0
67.67,No,0
67.83,No,0
67.83,No,0
67.83,No,0
67.83,No,0
67.83,No,0
67.83,No,0
68.0,No,0
68.17,No,0
68.17,No,0
68.17,No,0
68.17,No,0
68.17,No,0
68.17,No,0
68.33,No,0
68.5,No,0
68.5,No,0
68.5,No,0
68.67,No,0
68.67,No,0
68.83,No,0
68.83,No,0
68.83,No,0
68.83,No,0
68.83,No,0
68.83,No,0
68.83,No,0
69.0,No,0
69.0,No,0
69.0,No,0
69.0,No,0
69.0,No,0
69.0,No,0
69.0,No,0
69.0,No,0
69.0,No,0
69.0,No,0
69.17,No,0
69.17,Yes,1
69.17,No,0
69.33,No,0
69.33,No,0
69.33,No,0
69.5,No,0
69.5,No,0
69.5,No,0
69.5,No,0
69.5,No,0
69.5,No,0
69.5,No,0
69.5,No,0
69.67,No,0
69.67,No,0
69.67,No,0
69.67,Yes,1
69.83,No,0
69.83,No,0
69.83,No,0
70.0,No,0
70.0,No,0
70.0,No,0
70.0,No,0
70.0,No,0
70.17,No,0
70.17,No,0
70.17,No,0
70.17,No,0
70.17,No,0
70.33,No,0
70.33,No,0
70.33,No,0
70.5,No,0
70.5,No,0
70.5,No,0
70.67,No,0
70.67,No,0
70.83,No,0
70.83,No,0
70.83,No,0
70.83,No,0
70.83,No,0
70.83,Yes,1
71.0,No,0
71.0,No,0
71.0,No,0
71.0,No,0
71.0,No,0
71.0,No,0
71.0,No,0
71.17,No,0
71.17,No,0
71.17,No,0
71.17,No,0
71.17,No,0
71.17,No,0
71.17,No,0
71.17,No,0
71.33,No,0
71.33,Yes,1
71.5,Yes,1
71.5,No,0
71.5,No,0
71.5,No,0
71.5,No,0
71.67,No,0
71.67,No,0
71.67,No,0
71.67,No,0
71.83,No,0
71.83,No,0
71.83,No,0
71.83,No,0
71.83,No,0
72.0,No,0
72.0,No,0
72.17,No,0
72.17,No,0
72.17,No,0
72.17,No,0
72.17,No,0
72.17,No,0
72.17,No,0
72.33,Yes,1
72.33,No,0
72.5,No,0
72.5,No,0
72.5,No,0
72.5,No,0
72.5,No,0
72.5,No,0
72.67,No,0
72.67,No,0
72.83,No,0
72.83,No,0
72.83,No,0
72.83,No,0
72.83,No,0
72.83,No,0
73.0,No,0
73.0,No,0
73.0,No,0
73.17,No,0
73.17,No,0
73.17,No,0
73.17,No,0
73.17,No,0
73.17,No,0
73.17,No,0
73.33,No,0
73.33,Yes,1
73.33,No,0
73.33,No,0
73.33,No,0
73.33,No,0
73.5,No,0
73.5,No,0
73.5,No,0
73.5,No,0
73.67,No,0
73.67,No,0
73.83,No,0
73.83,No,0
73.83,No,0
74.0,Yes,1
74.0,No,0
74.0,No,0
74.17,No,0
74.17,No,0
74.17,No,0
74.17,No,0
74.17,Yes,1
74.33,No,0
74.33,No,0
74.33,No,0
74.5,No,0
74.5,Yes,1
74.67,No,0
74.67,No,0
74.67,Yes,1
74.67,No,0
74.67,No,0
74.83,No,0
75.0,No,0
75.0,No,0
75.0,No,0
75.17,No,0
75.17,No,0
75.17,No,0
75.17,No,0
75.33,No,0
75.33,Yes,1
75.33,No,0
75.33,No,0
75.5,No,0
75.5,No,0
75.5,Yes,1
75.5,No,0
75.67,No,0
75.67,No,0
75.67,No,0
75.67,No,0
75.83,No,0
76.0,No,0
76.0,No,0
76.0,No,0
76.0,No,0
76.0,No,0
76.0,No,0
76.0,No,0
76.17,No,0
76.17,No,0
76.17,No,0
76.33,No,0
76.33,No,0
76.33,No,0
76.33,No,0
76.33,No,0
76.5,No,0
76.5,No,0
76.5,No,0
76.5,No,0
76.5,No,0
76.5,No,0
76.67,No,0
76.67,No,0
76.83,No,0
76.83,No,0
76.83,No,0
76.83,No,0
77.0,No,0
77.0,No,0
77.0,No,0
77.0,No,0
77.0,No,0
77.0,No,0
77.17,No,0
77.17,No,0
77.17,No,0
77.17,No,0
77.33,No,0
77.33,No,0
77.33,No,0
77.33,No,0
77.33,No,0
77.5,No,0
77.5,No,0
77.67,No,0
77.67,No,0
77.67,No,0
77.67,No,0
77.67,No,0
77.67,No,0
77.83,No,0
77.83,No,0
78.17,No,0
78.17,No,0
78.17,No,0
78.17,No,0
78.33,No,0
78.33,No,0
78.33,No,0
78.33,No,0
78.33,No,0
78.5,No,0
78.5,No,0
78.5,No,0
78.5,No,0
78.67,No,0
78.67,No,0
78.67,No,0
78.67,No,0
78.83,No,0
79.0,No,0
79.0,No,0
79.17,No,0
79.17,No,0
79.17,No,0
79.17,No,0
79.17,No,0
79.17,Yes,1
79.17,No,0
79.33,No,0
79.33,No,0
79.33,No,0
79.33,No,0
79.33,No,0
79.33,No,0
79.33,No,0
79.33,No,0
79.5,No,0
79.5,No,0
79.5,No,0
79.5,No,0
79.5,No,0
79.5,No,0
79.5,No,0
79.67,No,0
79.67,No,0
79.67,No,0
79.67,No,0
79.83,No,0
79.83,No,0
79.83,No,0
80.0,No,0
80.0,No,0
80.17,No,0
80.33,No,0
80.33,No,0
80.33,No,0
80.33,No,0
80.33,No,0
80.5,No,0
80.5,No,0
80.5,No,0
80.5,No,0
80.5,No,0
80.67,No,0
81.0,No,0
81.0,No,0
81.0,No,0
81.17,No,0
81.17,No,0
81.17,No,0
81.33,No,0
81.33,No,0
81.33,No,0
81.5,No,0
81.5,No,0
81.5,No,0
81.5,No,0
81.67,No,0
81.67,No,0
81.67,No,0
81.83,No,0
81.83,No,0
82.0,No,0
82.0,No,0
82.0,No,0
82.0,No,0
82.0,No,0
82.0,No,0
82.17,No,0
82.17,No,0
82.17,No,0
82.17,No,0
82.33,Yes,1
82.33,No,0
82.33,No,0
82.5,No,0
82.5,No,0
82.5,No,0
82.5,No,0
82.5,No,0
82.67,No,0
82.67,No,0
82.67,No,0
82.67,No,0
82.67,Yes,1
82.83,No,0
82.83,No,0
82.83,No,0
82.83,Yes,1
83.0,No,0
83.0,No,0
83.17,Yes,1
83.17,No,0
83.17,No,0
83.33,No,0
83.33,No,0
83.33,Yes,1
83.33,Yes,1
83.33,No,0
83.5,No,0
83.5,No,0
83.5,No,0
83.5,No,0
83.5,No,0
83.5,No,0
83.67,No,0
83.67,No,0
83.67,No,0
83.67,No,0
83.67,No,0
83.67,No,0
83.83,No,0
83.83,No,0
84.0,No,0
84.0,No,0
84.0,No,0
84.17,No,0
84.17,No,0
84.17,No,0
84.17,No,0
84.33,No,0
84.33,No,0
84.33,No,0
84.33,No,0
84.5,No,0
84.5,No,0
84.5,No,0
84.67,Yes,1
84.67,No,0
84.67,No,0
84.67,No,0
84.67,No,0
84.67,No,0
84.8,Yes,1
84.83,No,0
84.83,No,0
84.83,No,0
85.0,No,0
85.17,No,0
85.2,No,0
85.33,No,0
85.33,No,0
85.33,Yes,1
85.5,No,0
85.5,No,0
85.67,Yes,1
85.83,No,0
85.83,No,0
85.83,No,0
85.83,No,0
85.83,No,0
85.83,No,0
86.0,No,0
86.0,No,0
86.0,No,0
86.33,No,0
86.33,No,0
86.5,No,0
86.67,No,0
86.67,No,0
86.67,No,0
86.83,No,0
86.83,No,0
86.83,No,0
86.83,No,0
86.83,No,0
86.83,No,0
87.0,No,0
87.17,No,0
87.17,No,0
87.17,Yes,1
87.33,No,0
87.33,No,0
87.5,No,0
87.67,No,0
87.67,No,0
87.67,No,0
87.67,No,0
87.67,No,0
87.83,No,0
87.83,No,0
87.83,No,0
87.83,No,0
88.0,No,0
88.0,Yes,1
88.0,Yes,1
88.0,No,0
88.0,No,0
88.0,No,0
88.0,No,0
88.17,No,0
88.17,No,0
88.33,No,0
88.33,No,0
88.33,No,0
88.5,No,0
88.5,No,0
88.5,No,0
88.67,Yes,1
88.67,No,0
88.67,No,0
88.67,No,0
88.67,No,0
88.67,No,0
88.83,Yes,1
88.83,No,0
88.83,Yes,1
88.83,No,0
89.0,No,0
89.17,No,0
89.17,No,0
89.17,No,0
89.17,No,0
89.17,No,0
89.33,No,0
89.33,No,0
89.33,No,0
89.33,No,0
89.5,No,0
89.5,No,0
89.5,No,0
89.5,No,0
89.67,No,0
89.67,No,0
89.83,No,0
89.83,No,0
90.0,No,0
90.0,No,0
90.0,No,0
90.0,No,0
90.0,No,0
90.0,No,0
90.17,No,0
90.33,No,0
90.33,No,0
90.33,No,0
90.5,No,0
90.5,No,0
90.67,No,0
90.67,No,0
90.83,No,0
90.83,No,0
91.0,No,0
91.0,No,0
91.17,No,0
91.17,No,0
91.33,No,0
91.33,No,0
91.33,No,0
91.5,No,0
91.5,No,0
91.67,No,0
91.67,No,0
91.67,No,0
91.67,No,0
91.83,No,0
91.83,Yes,1
91.83,No,0
92.0,No,0
92.0,No,0
92.0,No,0
92.0,No,0
92.17,No,0
92.17,No,0
92.17,No,0
92.33,No,0
92.5,No,0
92.5,No,0
92.5,No,0
92.5,No,0
92.67,No,0
92.67,No,0
92.67,No,0
92.83,No,0
93.0,No,0
93.0,No,0
93.17,No,0
93.17,No,0
93.17,No,0
93.17,No,0
93.33,No,0
93.33,No,0
93.33,Yes,1
93.33,No,0
93.33,No,0
93.5,No,0
93.5,No,0
93.5,No,0
93.5,No,0
93.83,No,0
94.17,No,0
94.33,No,0
94.33,No,0
94.33,No,0
94.5,No,0
94.5,No,0
94.67,No,0
94.67,No,0
94.67,No,0
94.67,No,0
94.67,No,0
94.67,No,0
94.67,No,0
94.67,No,0
94.67,No,0
94.83,No,0
94.83,No,0
94.83,No,0
94.83,No,0
94.83,No,0
95.0,No,0
95.17,No,0
95.17,No,0
95.17,No,0
95.17,No,0
95.17,No,0
95.17,Yes,1
95.17,No,0
95.17,No,0
95.33,No,0
95.33,No,0
95.5,No,0
95.5,No,0
95.5,Yes,1
95.5,No,0
95.67,No,0
95.67,No,0
95.67,No,0
95.83,No,0
95.83,No,0
95.83,No,0
96.0,No,0
96.0,No,0
96.17,No,0
96.17,No,0
96.17,No,0
96.33,No,0
96.33,No,0
96.33,No,0
96.33,No,0
96.33,No,0
96.33,No,0
96.5,No,0
96.67,No,0
96.67,No,0
96.67,No,0
96.67,No,0
96.83,No,0
96.83,No,0
97.0,No,0
97.0,No,0
97.0,No,0
97.0,Yes,1
97.17,No,0
97.17,No,0
97.17,No,0
97.33,No,0
97.33,No,0
97.5,No,0
97.5,No,0
97.5,No,0
97.5,No,0
97.67,No,0
97.67,No,0
97.67,No,0
97.67,No,0
97.67,No,0
97.83,No,0
97.83,No,0
97.83,No,0
98.0,No,0
98.0,Yes,1
98.0,No,0
98.0,No,0
98.33,Yes,1
98.33,No,0
98.33,No,0
98.33,No,0
98.5,No,0
98.5,No,0
98.67,No,0
98.67,No,0
98.67,No,0
98.67,No,0
98.67,No,0
98.83,No,0
99.0,No,0
99.0,No,0
99.0,No,0
99.0,No,0
99.0,No,0
99.17,No,0
99.17,No,0
99.17,No,0
99.17,No,0
99.5,No,0
99.67,No,0
99.67,No,0
99.83,No,0
99.83,No,0
100.0,Yes,1
100.17,No,0
100.17,No,0
100.17,No,0
100.5,No,0
100.5,No,0
100.5,No,0
100.67,No,0
100.67,No,0
100.67,Yes,1
100.67,No,0
100.83,No,0
101.0,No,0
101.0,No,0
101.0,No,0
101.0,No,0
101.0,No,0
101.17,Yes,1
101.17,No,0
101.33,Yes,1
101.33,No,0
101.33,No,0
101.5,No,0
101.5,No,0
101.67,No,0
101.67,No,0
101.67,No,0
101.83,No,0
101.83,No,0
102.0,No,0
102.0,Yes,1
102.0,No,0
102.17,No,0
102.17,No,0
102.17,No,0
102.33,No,0
102.33,Yes,1
102.5,No,0
102.5,No,0
102.67,No,0
102.67,No,0
102.83,No,0
102.83,Yes,1
102.83,No,0
102.83,No,0
103.17,No,0
103.17,No,0
103.17,No,0
103.17,No,0
103.33,No,0
103.33,Yes,1
103.33,No,0
103.5,No,0
103.67,No,0
103.67,No,0
103.67,No,0
103.67,No,0
104.0,No,0
104.0,No,0
104.17,No,0
104.17,No,0
104.17,No,0
104.17,No,0
104.33,No,0
104.67,No,0
104.67,No,0
104.83,Yes,1
105.0,No,0
105.0,No,0
105.17,No,0
105.17,No,0
105.17,Yes,1
105.33,No,0
105.33,No,0
105.33,No,0
105.5,No,0
105.5,No,0
105.5,No,0
105.67,No,0
105.67,No,0
105.67,No,0
105.83,No,0
105.83,No,0
106.0,No,0
106.0,Yes,1
106.0,No,0
106.17,No,0
106.17,No,0
106.17,No,0
106.33,No,0
106.33,No,0
106.33,No,0
106.33,No,0
106.5,No,0
106.5,No,0
106.67,No,0
106.67,Yes,1
106.67,No,0
106.83,No,0
106.83,No,0
106.83,No,0
106.83,No,0
106.83,No,0
107.0,No,0
107.0,No,0
107.17,No,0
107.17,No,0
107.33,No,0
107.5,No,0
107.5,No,0
107.67,No,0
107.67,No,0
107.83,No,0
108.0,No,0
108.0,No,0
108.0,No,0
108.17,No,0
108.33,No,0
108.33,No,0
108.33,No,0
108.5,No,0
108.67,No,0
108.83,No,0
108.83,No,0
108.83,No,0
108.83,No,0
109.0,No,0
109.33,No,0
109.33,No,0
109.33,No,0
109.33,No,0
109.33,No,0
109.33,No,0
109.83,No,0
109.83,No,0
110.0,No,0
110.0,No,0
110.0,No,0
110.17,No,0
110.17,No,0
110.5,No,0
110.5,No,0
110.67,No,0
110.83,No,0
110.83,No,0
111.0,No,0
111.0,No,0
111.0,No,0
111.17,No,0
111.17,No,0
111.17,No,0
111.33,No,0
111.33,No,0
111.5,No,0
111.5,No,0
111.67,No,0
111.67,No,0
111.67,No,0
111.83,Yes,1
112.0,No,0
112.17,No,0
112.17,No,0
112.17,No,0
112.17,No,0
112.17,No,0
112.33,No,0
112.33,No,0
112.67,No,0
112.67,No,0
112.67,No,0
113.0,No,0
113.0,No,0
113.17,No,0
113.17,No,0
113.17,No,0
113.17,No,0
113.17,No,0
113.33,No,0
113.33,Yes,1
113.5,No,0
113.67,No,0
113.67,No,0
113.83,No,0
114.0,No,0
114.0,No,0
114.17,No,0
114.33,No,0
114.5,No,0
114.5,No,0
114.5,No,0
114.5,No,0
114.67,No,0
114.67,No,0
114.67,No,0
114.83,No,0
115.0,No,0
115.0,No,0
115.0,Yes,1
115.17,No,0
115.17,No,0
115.33,No,0
115.67,No,0
115.83,No,0
116.0,Yes,1
116.0,No,0
116.0,No,0
116.17,No,0
116.17,No,0
116.17,Yes,1
116.33,No,0
116.33,No,0
116.33,No,0
116.5,No,0
116.83,No,0
116.83,No,0
116.83,No,0
116.83,Yes,1
116.83,No,0
117.0,No,0
117.17,No,0
117.17,No,0
117.33,No,0
117.33,No,0
117.33,No,0
117.5,No,0
117.67,No,0
117.67,No,0
117.67,No,0
117.83,No,0
117.83,No,0
117.83,No,0
118.0,No,0
118.16,No,0
118.17,No,0
118.17,No,0
118.33,No,0
118.5,No,0
118.5,No,0
118.67,No,0
118.83,Yes,1
119.0,No,0
119.33,No,0
119.33,No,0
119.33,No,0
119.33,No,0
119.5,No,0
119.67,No,0
119.83,No,0
120.0,No,0
120.0,No,0
120.17,No,0
120.17,No,0
120.17,No,0
120.33,No,0
120.33,No,0
120.33,No,0
120.83,No,0
121.0,No,0
121.0,No,0
121.0,Yes,1
121.0,No,0
121.33,No,0
121.33,No,0
121.5,No,0
121.5,No,0
121.67,No,0
121.67,No,0
121.67,No,0
121.83,No,0
122.0,No,0
122.33,No,0
122.33,No,0
122.33,Yes,1
122.5,No,0
122.5,No,0
122.67,No,0
122.67,No,0
122.67,Yes,1
122.83,No,0
123.0,No,0
123.0,No,0
123.0,No,0
123.0,No,0
123.33,No,0
123.5,No,0
123.67,No,0
123.67,No,0
123.67,No,0
123.83,Yes,1
124.0,No,0
124.0,No,0
124.0,No,0
124.17,No,0
124.17,Yes,1
124.5,No,0
124.5,No,0
124.67,No,0
124.83,Yes,1
124.83,No,0
125.0,No,0
125.0,No,0
125.17,No,0
125.17,No,0
125.17,No,0
125.17,No,0
125.33,Yes,1
125.5,No,0
125.83,No,0
125.83,Yes,1
126.0,No,0
126.17,No,0
126.17,No,0
126.17,No,0
126.33,No,0
126.5,Yes,1
126.5,No,0
126.83,No,0
126.83,No,0
126.83,No,0
127.33,No,0
127.33,No,0
127.5,No,0
127.67,No,0
127.67,No,0
128.0,No,0
128.0,No,0
128.0,No,0
128.17,No,0
128.17,No,0
128.17,No,0
128.17,No,0
128.5,Yes,1
128.5,No,0
128.5,No,0
128.67,No,0
129.0,No,0
129.0,No,0
129.5,No,0
129.83,No,0
129.83,No,0
129.83,No,0
130.0,No,0
130.0,No,0
130.0,No,0
130.17,No,0
130.33,No,0
130.33,No,0
130.5,No,0
130.67,No,0
130.67,No,0
130.67,No,0
130.83,No,0
130.83,No,0
131.0,No,0
131.0,No,0
131.0,No,0
131.17,No,0
131.17,No,0
131.33,No,0
131.33,No,0
131.67,No,0
131.67,No,0
131.83,No,0
132.17,No,0
132.33,No,0
132.5,No,0
132.5,No,0
132.5,No,0
132.5,No,0
132.67,No,0
132.67,No,0
132.83,No,0
133.17,No,0
133.33,Yes,1
133.5,No,0
133.5,No,0
133.67,No,0
133.83,No,0
134.0,No,0
134.0,No,0
134.0,No,0
134.0,No,0
134.5,No,0
134.5,No,0
134.83,No,0
134.83,No,0
134.83,No,0
135.0,No,0
135.17,No,0
135.17,No,0
135.33,No,0
135.67,No,0
135.67,No,0
135.83,No,0
135.83,Yes,1
135.83,No,0
135.83,No,0
136.0,No,0
136.0,No,0
136.0,No,0
136.17,Yes,1
136.33,No,0
136.33,No,0
136.5,No,0
136.5,No,0
136.67,No,0
136.67,No,0
137.0,No,0
137.17,No,0
137.17,Yes,1
137.17,No,0
137.33,No,0
137.33,No,0
137.33,No,0
137.5,No,0
137.5,No,0
137.5,No,0
137.67,No,0
137.83,No,0
137.83,No,0
137.83,No,0
138.0,No,0
138.0,No,0
138.0,No,0
138.17,No,0
138.17,No,0
138.33,No,0
138.5,No,0
138.67,No,0
138.67,No,0
139.17,No,0
139.17,No,0
139.17,No,0
139.33,No,0
139.33,No,0
139.5,No,0
139.67,Yes,1
139.67,No,0
139.83,No,0
140.5,No,0
140.83,No,0
140.83,No,0
140.83,No,0
141.0,No,0
141.0,No,0
141.0,No,0
141.17,No,0
141.17,No,0
141.33,Yes,1
141.33,No,0
141.5,No,0
141.5,Yes,1
141.5,No,0
141.5,No,0
141.67,No,0
141.67,No,0
141.67,No,0
141.83,No,0
141.83,No,0
142.17,No,0
142.17,No,0
142.33,No,0
142.5,No,0
142.67,No,0
143.17,No,0
143.17,No,0
143.33,No,0
143.33,No,0
143.5,No,0
143.67,Yes,1
143.83,No,0
143.83,No,0
144.0,No,0
144.0,No,0
144.17,No,0
144.5,No,0
144.67,No,0
144.83,No,0
144.83,No,0
145.0,No,0
145.33,No,0
146.17,No,0
146.17,No,0
146.33,No,0
146.5,No,0
146.5,No,0
146.5,No,0
146.83,No,0
146.83,No,0
147.17,Yes,1
147.33,No,0
147.67,No,0
147.83,No,0
148.0,No,0
148.0,No,0
148.0,No,0
148.17,No,0
148.33,No,0
148.33,No,0
148.33,No,0
148.83,No,0
149.5,No,0
149.67,No,0
149.67,No,0
149.67,No,0
149.67,No,0
149.83,No,0
150.0,No,0
150.17,No,0
150.5,No,0
150.83,No,0
150.83,No,0
151.0,No,0
151.17,No,0
151.17,No,0
151.67,No,0
151.67,No,0
151.67,No,0
152.0,No,0
152.0,No,0
152.33,Yes,1
152.5,No,0
152.5,No,0
152.5,No,0
152.67,Yes,1
153.17,No,0
153.33,No,0
153.5,No,0
153.5,No,0
153.5,Yes,1
153.67,No,0
153.67,No,0
154.0,No,0
154.17,No,0
154.33,No,0
154.33,No,0
154.5,No,0
154.5,No,0
154.5,No,0
154.67,No,0
154.83,No,0
154.83,No,0
154.83,No,0
154.83,No,0
154.83,No,0
155.0,No,0
155.67,No,0
156.0,No,0
156.5,No,0
156.83,No,0
156.83,No,0
157.0,No,0
157.17,No,0
157.33,No,0
157.5,No,0
157.5,No,0
157.5,No,0
157.67,No,0
158.33,No,0
158.33,No,0
158.5,No,0
158.67,Yes,1
158.67,No,0
159.0,No,0
159.17,No,0
159.17,No,0
159.5,No,0
159.83,No,0
159.83,No,0
159.83,No,0
160.17,No,0
160.17,No,0
160.33,Yes,1
160.5,No,0
160.67,No,0
160.83,No,0
161.0,No,0
161.17,No,0
161.33,No,0
161.33,No,0
161.67,No,0
161.83,No,0
162.17,No,0
162.33,No,0
162.5,No,0
162.5,No,0
162.67,No,0
162.83,No,0
163.33,No,0
163.33,No,0
164.0,No,0
164.17,No,0
164.17,No,0
164.33,No,0
164.5,No,0
164.5,No,0
164.5,No,0
164.5,No,0
164.5,No,0
164.67,No,0
164.67,No,0
164.83,No,0
164.83,No,0
165.17,No,0
165.17,No,0
165.17,No,0
165.17,No,0
165.17,No,0
165.67,No,0
165.83,No,0
166.0,No,0
166.33,No,0
166.5,No,0
167.0,No,0
167.33,No,0
167.67,No,0
167.83,No,0
168.17,No,0
168.5,No,0
168.67,No,0
168.67,No,0
168.67,No,0
169.0,No,0
169.33,No,0
170.17,No,0
170.33,No,0
171.0,No,0
171.0,No,0
171.0,No,0
171.17,Yes,1
171.67,No,0
171.67,No,0
172.0,No,0
172.0,No,0
172.33,No,0
172.5,No,0
172.83,No,0
173.0,No,0
173.17,No,0
173.33,No,0
173.67,No,0
174.33,No,0
174.5,No,0
174.5,No,0
175.0,Yes,1
176.33,No,0
176.33,No,0
176.5,No,0
176.67,No,0
176.83,No,0
177.5,Yes,1
177.83,No,0
178.0,No,0
178.0,No,0
178.17,No,0
178.33,Yes,1
178.5,No,0
178.5,Yes,1
178.5,No,0
178.67,No,0
178.83,No,0
178.83,No,0
179.0,No,0
179.0,No,0
179.17,No,0
179.17,No,0
180.17,No,0
180.33,No,0
180.33,No,0
180.67,No,0
181.17,No,0
181.33,No,0
181.33,No,0
181.33,No,0
181.5,No,0
181.83,Yes,1
182.33,No,0
182.5,No,0
182.83,No,0
183.33,No,0
183.83,No,0
183.83,No,0
184.0,No,0
184.17,No,0
184.17,No,0
184.33,No,0
184.67,No,0
184.83,No,0
185.0,No,0
185.5,No,0
185.5,No,0
185.67,No,0
186.0,No,0
186.83,No,0
187.17,Yes,1
187.17,No,0
188.17,No,0
188.83,No,0
188.83,No,0
189.0,No,0
189.0,No,0
189.17,Yes,1
189.33,No,0
190.17,No,0
190.17,No,0
190.67,No,0
190.83,No,0
191.0,No,0
191.17,No,0
191.5,No,0
191.5,No,0
192.67,No,0
193.5,No,0
194.0,No,0
194.33,No,0
194.67,No,0
195.0,No,0
195.17,No,0
195.17,No,0
195.83,No,0
195.83,No,0
196.17,No,0
197.0,No,0
197.67,No,0
198.0,No,0
198.5,No,0
198.67,No,0
198.83,Yes,1
199.5,No,0
199.6,No,0
201.17,No,0
201.67,No,0
202.17,No,0
202.83,No,0
202.83,No,0
202.83,No,0
203.17,No,0
203.5,No,0
204.67,No,0
204.67,No,0
205.0,No,0
207.33,No,0
207.83,No,0
208.17,No,0
209.17,Yes,1
209.67,No,0
209.83,No,0
211.0,Yes,1
212.0,Yes,1
212.33,No,0
212.67,No,0
213.0,No,0
213.0,No,0
214.67,No,0
215.33,No,0
215.67,Yes,1
215.67,No,0
215.83,No,0
216.33,No,0
217.83,No,0
218.83,No,0
219.17,No,0
219.5,No,0
220.17,No,0
222.33,No,0
224.83,Yes,1
224.83,No,0
224.83,No,0
225.17,No,0
225.5,No,0
227.0,No,0
227.0,No,0
229.5,No,0
232.17,No,0
234.0,No,0
234.67,No,0
235.17,No,0
235.5,No,0
235.5,No,0
235.5,No,0
239.5,No,0
239.83,No,0
240.83,No,0
241.67,No,0
242.0,No,0
242.17,No,0
243.83,No,0
244.5,No,0
245.17,No,0
245.67,No,0
247.0,No,0
247.0,No,0
247.5,No,0
250.5,No,0
250.83,No,0
251.33,No,0
251.67,No,0
252.17,No,0
252.67,No,0
256.5,No,0
257.17,No,0
257.33,No,0
257.83,No,0
258.33,No,0
259.0,No,0
260.0,No,0
262.17,No,0
262.33,No,0
268.33,No,0
269.67,No,0
270.0,No,0
272.5,No,0
272.5,No,0
276.83,No,0
279.83,No,0
280.0,No,0
286.83,No,0
288.83,No,0
292.67,No,0
293.83,No,0
296.67,No,0
297.17,No,0
304.33,Yes,1
307.83,Yes,1
308.0,No,0
308.67,No,0
311.67,No,0
314.83,No,0
316.5,No,0
324.17,No,0
333.0,No,0
338.0,No,0
339.33,No,0
339.67,No,0
339.83,No,0
347.0,No,0
356.2,No,0
356.83,No,0
372.33,No,0
377.17,No,0
391.0,No,0
391.83,No,0
396.17,No,0
419.83,No,0
423.5,No,0
426.0,No,0
426.0,No,0
453.5,No,0
56.5,No,0
56.67,No,0
56.67,No,0
56.67,No,0
56.67,No,0
56.83,No,0
56.83,No,0
56.83,No,0
56.83,No,0
57.0,No,0
57.0,No,0
57.0,No,0
57.0,No,0
57.0,No,0
57.0,No,0
57.0,No,0
57.17,No,0
57.17,No,0
57.17,No,0
57.17,No,0
57.17,No,0
57.17,No,0
57.17,No,0
57.17,No,0
57.17,No,0
57.33,No,0
57.33,No,0
57.33,No,0
57.33,No,0
57.33,No,0
57.4,No,0
57.5,No,0
57.5,No,0
57.5,No,0
57.67,No,0
57.67,No,0
57.67,Yes,1
57.83,No,0
57.83,No,0
57.83,No,0
58.0,No,0
58.0,No,0
58.0,No,0
58.0,No,0
58.17,No,0
58.17,No,0
58.17,No,0
58.33,No,0
58.33,No,0
58.33,No,0
58.33,No,0
58.5,No,0
58.5,No,0
58.5,Yes,1
58.67,No,0
58.67,No,0
58.67,No,0
58.67,No,0
58.67,No,0
58.83,No,0
58.83,No,0
58.83,No,0
58.83,No,0
58.83,No,0
58.83,No,0
59.0,No,0
59.0,No,0
59.0,No,0
59.0,No,0
59.0,No,0
59.0,No,0
59.17,No,0
59.33,No,0
59.33,No,0
59.33,Yes,1
59.33,No,0
59.33,No,0
59.33,No,0
59.33,No,0
59.33,No,0
59.5,No,0
59.5,No,0
59.5,No,0
59.5,No,0
59.5,No,0
59.67,No,0
59.67,No,0
59.67,No,0
59.83,No,0
59.83,No,0
59.83,No,0
59.83,No,0
59.83,No,0
59.83,No,0
60.0,No,0
60.0,No,0
60.0,Yes,1
60.0,No,0
60.17,No,0
60.17,No,0
60.17,No,0
60.17,No,0
60.33,No,0
60.33,No,0
60.67,No,0
60.67,No,0
60.67,No,0
60.83,No,0
60.83,No,0
60.83,No,0
60.83,No,0
60.83,No,0
60.83,No,0
60.83,No,0
61.0,No,0
61.0,No,0
61.0,No,0
61.0,No,0
61.0,No,0
61.0,No,0
61.17,No,0
61.17,No,0
61.33,No,0
61.33,No,0
61.33,No,0
61.33,No,0
61.33,No,0
61.5,No,0
61.5,No,0
61.5,No,0
61.5,No,0
61.67,No,0
61.67,No,0
61.67,No,0
61.67,No,0
61.83,No,0
61.83,No,0
61.83,No,0
61.83,No,0
62.0,No,0
62.0,No,0
62.0,No,0
62.0,No,0
62.17,No,0
62.17,No,0
62.17,No,0
62.17,No,0
62.33,No,0
62.33,No,0
62.33,No,0
62.33,No,0
62.5,No,0
62.5,No,0
62.5,No,0
62.5,No,0
62.5,No,0
62.5,No,0
62.5,No,0
62.67,No,0
62.67,No,0
62.67,No,0
62.67,No,0
62.67,No,0
62.67,No,0
62.83,No,0
62.83,No,0
62.83,No,0
62.83,No,0
62.83,No,0
62.83,No,0
62.83,Yes,1
62.83,No,0
63.0,No,0
63.0,No,0
63.0,No,0
63.0,No,0
63.0,No,0
63.0,No,0
63.0,No,0
63.17,No,0
63.17,No,0
63.17,Yes,1
63.17,Yes,1
63.17,No,0
63.5,No,0
63.5,No,0
63.5,No,0
63.5,Yes,1
63.5,No,0
63.67,No,0
63.67,No,0
63.83,No,0
63.83,No,0
63.83,No,0
85.0,No,0
92.17,No,0
387.17,No,0
476.0,No,0
358.33,No,0
449.0,No,0
412.33,Yes,1
432.17,No,0
378.0,No,0
456.67,No,0
378.83,No,0
91.83,No,0
358.17,No,0
162.33,No,0
475.5,No,0
274.0,No,0
321.17,No,0
498.0,No,0
122.0,No,0
50.33,No,0
40.5,No,0
267.0,No,0
230.0,No,0
405.83,No,0
353.5,No,0
345.0,No,0
498.83,No,0
379.0,No,0
413.0,No,0
473.5,No,0
229.17,No,0
147.83,No,0
310.17,No,0
449.0,No,0
87.5,No,0
333.33,No,0
256.67,No,0
77.0,No,0
243.33,No,0
251.17,No,0
113.83,No,0
226.67,No,0
328.0,No,0
254.67,No,0
460.0,No,0
47.67,No,0
329.17,No,0
274.33,No,0
302.83,No,0
394.5,Yes,1
44.83,No,0
210.5,No,0
442.17,No,0
368.67,No,0
430.33,No,0
60.67,No,0
243.5,No,0
182.17,No,0
382.83,No,0
222.0,No,0
149.0,No,0
362.67,No,0
254.0,No,0
378.67,No,0
291.67,Yes,1
287.0,No,0
142.34,No,0
174.5,No,0
182.17,No,0
249.67,No,0
302.17,No,0
349.67,No,0
40.17,No,0
324.33,No,0
491.67,No,0
169.33,No,0
90.67,No,0
290.5,No,0
450.0,No,0
463.67,No,0
289.33,No,0
321.33,Yes,1
494.33,No,0
285.0,No,0
394.67,No,0
219.33,No,0
310.17,No,0
138.83,No,0
449.0,No,0
466.33,Yes,1
61.0,No,0
371.5,No,0
490.83,Yes,1
436.0,No,0
363.0,No,0
390.17,No,0
295.83,No,0
349.5,Yes,1
178.0,No,0
307.67,No,0
299.0,No,0
183.5,Yes,1
84.16,No,0
113.83,No,0
248.0,No,0
79.66,No,0
395.83,No,0
396.17,No,0
78.0,No,0
75.67,No,0
234.67,No,0
232.83,No,0
280.33,No,0
269.67,No,0
455.67,No,0
392.67,No,0
350.0,No,0
250.5,No,0
326.0,Yes,1
244.17,No,0
468.0,No,0
455.83,No,0
428.17,No,0
73.0,No,0
487.33,No,0
170.0,No,0
266.0,No,0
427.67,No,0
320.83,No,0
298.67,No,0
268.83,No,0
242.5,No,0
64.17,No,0
397.0,No,0
382.83,No,0
63.67,No,0
308.83,No,0
250.5,No,0
469.17,No,0
499.17,No,0
303.83,No,0
189.33,Yes,1
422.17,No,0
301.83,No,0
367.67,No,0
375.33,No,0
497.33,No,0
166.33,No,0
309.17,No,0
470.67,No,0
396.67,No,0
445.67,No,0
422.0,No,0
42.33,No,0
498.67,No,0
420.0,No,0
396.5,No,0
302.5,No,0
345.67,No,0
453.83,No,0
344.83,No,0
427.33,No,0
255.5,No,0
158.67,Yes,1
318.83,No,0
241.5,No,0
94.83,No,0
68.34,No,0
343.67,No,0
465.34,No,0
78.0,No,0
222.0,No,0
215.83,No,0
70.17,No,0
199.5,No,0
91.17,No,0
255.83,No,0
41.17,No,0
76.67,No,0
49.0,No,0
50.0,No,0
43.83,No,0
81.5,No,0
59.0,No,0
42.0,No,0
381.84,No,0
307.83,No,0
47.83,No,0
43.0,No,0
51.83,Yes,1
124.33,No,0
49.0,No,0
63.17,No,0
480.5,No,0
459.33,No,0
210.67,No,0
56.5,No,0
399.83,No,0
153.33,No,0
361.83,No,0
92.16,No,0
338.83,No,0
331.0,No,0
424.33,No,0
490.0,No,0
379.0,No,0
162.17,No,0
488.17,Yes,1
482.67,Yes,1
269.0,No,0
488.33,No,0
444.17,No,0
190.0,No,0
254.5,No,0
485.33,No,0
321.5,No,0
197.5,No,0
325.83,No,0
377.0,No,0
477.83,No,0
421.17,Yes,1
421.67,No,0
162.33,No,0
403.5,No,0
256.67,No,0
359.67,No,0
277.33,No,0
230.83,No,0
470.17,Yes,1
217.33,No,0
348.33,No,0
221.83,No,0
4.67,No,0
104.0,No,0
259.33,No,0
124.33,No,0
478.17,No,0
413.5,Yes,1
285.67,No,0
142.5,No,0
274.67,No,0
116.5,No,0
202.0,No,0
279.33,No,0
65.2,No,0
198.67,No,0
321.0,No,0
194.67,No,0
42.33,No,0
232.33,No,0
419.67,No,0
424.67,No,0
466.83,No,0
48.83,No,0
94.5,No,0
312.17,No,0
412.33,No,0
408.33,No,0
285.33,No,0
48.0,No,0
353.17,No,0
85.0,No,0
345.0,No,0
136.67,No,0
51.67,No,0
71.83,No,0
43.83,No,0
70.67,No,0
446.0,No,0
366.33,No,0
264.0,Yes,1
54.0,No,0
59.0,No,0
70.0,No,0
305.67,No,0
352.17,No,0
186.17,No,0
158.67,No,0
207.0,No,0
360.83,No,0
181.67,No,0
441.83,Yes,1
130.67,No,0
123.17,No,0
56.0,No,0
95.0,No,0
94.0,No,0
70.0,No,0
144.5,No,0
248.83,No,0
96.0,No,0
494.17,No,0
383.67,Yes,1
70.0,No,0
77.0,No,0
348.17,No,0
444.5,No,0
144.83,No,0
417.83,No,0
261.0,No,0
74.0,No,0
225.5,No,0
64.17,No,0
416.33,No,0
85.0,No,0
108.33,No,0
464.5,No,0
50.5,No,0
383.67,No,0
109.67,No,0
372.5,No,0
53.67,No,0
157.33,No,0
69.83,No,0
219.67,No,0
295.33,No,0
380.17,No,0
120.33,No,0
56.5,No,0
196.0,No,0
366.33,No,0
462.17,No,0
176.33,Yes,1
493.0,No,0
440.0,No,0
414.0,No,0
290.0,No,0
41.5,No,0
449.83,No,0
324.0,No,0
411.5,No,0
496.5,Yes,1
188.17,No,0
439.83,No,0
173.33,No,0
163.5,No,0
314.0,No,0
40.0,No,0
257.83,No,0
456.33,No,0
72.0,No,0
465.5,No,0
165.0,No,0
380.5,No,0
203.17,Yes,1
376.67,Yes,1
281.5,No,0
91.0,No,0
312.0,No,0
304.67,No,0
194.17,No,0
402.67,No,0
327.83,No,0
71.67,No,0
435.84,No,0
406.33,No,0
486.5,Yes,1
372.83,No,0
312.0,No,0
490.17,No,0
499.83,No,0
478.0,No,0
356.67,No,0
406.67,No,0
395.67,Yes,1
272.5,No,0
96.83,No,0
92.6,No,0
120.83,No,0
330.67,No,0
414.33,No,0
390.83,No,0
347.33,No,0
130.67,No,0
405.67,Yes,1
128.66,No,0
106.5,No,0
62.0,No,0
183.0,No,0
144.0,No,0
342.17,No,0
231.33,No,0
273.67,No,0
334.5,No,0
320.17,No,0
54.33,No,0
196.5,No,0
214.83,No,0
410.67,No,0
188.0,Yes,1
59.17,No,0
492.17,No,0
380.5,No,0
311.5,No,0
268.8,Yes,1
61.83,No,0
435.83,No,0
176.5,No,0
340.67,No,0
374.5,No,0
298.33,No,0
400.67,No,0
235.34,No,0
441.83,No,0
448.33,No,0
159.0,No,0
380.83,No,0
43.5,No,0
339.33,No,0
449.33,No,0
498.83,No,0
309.67,No,0
129.33,No,0
315.83,No,0
478.67,No,0
384.67,No,0
178.17,No,0
113.33,No,0
409.67,No,0
368.33,No,0
94.6,No,0
248.33,No,0
453.17,No,0
227.8,No,0
283.33,No,0
399.5,No,0
368.5,No,0
47.33,No,0
418.17,No,0
481.5,No,0
364.33,Yes,1
40.5,No,0
438.83,No,0
257.67,No,0
328.67,No,0
264.67,No,0
166.17,No,0
265.33,No,0
78.83,No,0
389.83,No,0
307.0,Yes,1
130.67,No,0
461.5,No,0
398.0,No,0
114.0,No,0
472.83,No,0
375.33,Yes,1
98.83,No,0
92.33,No,0
365.17,No,0
472.0,No,0
319.33,No,0
403.67,No,0
451.83,No,0
444.0,No,0
104.83,No,0
289.17,Yes,1
410.17,No,0
180.0,No,0
81.33,No,0
54.17,No,0
366.17,No,0
468.83,No,0
195.5,No,0
172.33,No,0
50.5,No,0
87.0,No,0
443.5,No,0
41.83,No,0
47.83,No,0
69.17,No,0
49.0,No,0
383.17,No,0
208.17,No,0
99.0,No,0
51.5,No,0
87.83,No,0
193.0,No,0
101.5,No,0
140.67,No,0
102.83,No,0
250.83,No,0
41.83,No,0
45.0,No,0
51.33,No,0
154.0,No,0
49.83,No,0
463.0,Yes,1
413.5,Yes,1
91.0,No,0
439.0,Yes,1
419.83,Yes,1
463.83,Yes,1
443.33,No,0
427.17,No,0
454.83,No,0
317.33,No,0
372.33,No,0
404.0,No,0
369.33,No,0
321.0,No,0
385.33,No,0
370.0,No,0
343.33,No,0
443.17,No,0
294.5,No,0
458.33,No,0
483.0,No,0
144.17,No,0
235.0,No,0
212.83,Yes,1
262.83,No,0
58.17,No,0
462.83,No,0
240.5,No,0
241.5,No,0
287.8,No,0
164.5,No,0
229.5,Yes,1
409.67,No,0
469.67,No,0
347.17,No,0
249.0,No,0
271.0,No,0
324.83,No,0
255.5,Yes,1
356.83,No,0
96.4,No,0
200.33,No,0
173.67,Yes,1
239.0,No,0
198.5,No,0
389.83,No,0
361.25,No,0
51.0,No,0
414.17,No,0
269.17,No,0
298.0,No,0
201.0,No,0
190.5,No,0
321.0,No,0
122.67,No,0
266.33,No,0
238.0,No,0
364.83,No,0
197.17,No,0
405.33,No,0
110.5,No,0
208.5,No,0
58.0,No,0
90.5,No,0
101.5,No,0
406.5,No,0
108.33,No,0
269.83,No,0
300.67,No,0
210.83,No,0
440.17,No,0
463.33,No,0
122.5,No,0
384.6,Yes,1
274.0,No,0
186.0,No,0
186.83,No,0
241.0,No,0
217.5,No,0
172.5,No,0
182.67,No,0
376.33,No,0
365.33,No,0
398.5,No,0
80.83,No,0
42.0,No,0
140.5,No,0
191.34,No,0
48.66,Yes,1
448.4,No,0
46.0,No,0
228.17,No,0
375.67,No,0
216.83,No,0
209.0,No,0
437.4,No,0
40.0,No,0
40.0,No,0
40.0,No,0
40.0,No,0
40.0,No,0
40.0,No,0
40.0,No,0
40.0,No,0
40.0,No,0
40.0,No,0
40.0,No,0
40.0,No,0
40.0,No,0
40.0,No,0
40.17,Yes,1
40.17,No,0
40.17,No,0
40.17,No,0
40.17,No,0
40.17,No,0
40.17,No,0
40.17,No,0
40.17,No,0
40.17,No,0
40.2,No,0
40.33,No,0
40.33,No,0
40.33,No,0
40.33,No,0
40.33,No,0
40.33,No,0
40.33,No,0
40.33,No,0
40.33,No,0
40.5,No,0
40.5,Yes,1
40.67,No,0
40.67,No,0
40.67,No,0
40.67,No,0
40.67,No,0
40.67,No,0
40.67,No,0
40.67,No,0
40.67,No,0
40.67,No,0
40.67,No,0
40.67,No,0
40.67,No,0
40.67,No,0
40.67,No,0
40.75,No,0
40.83,No,0
40.83,No,0
40.83,No,0
40.83,No,0
40.83,Yes,1
40.83,No,0
40.83,No,0
40.83,No,0
40.83,No,0
40.83,No,0
40.83,No,0
41.0,No,0
41.0,No,0
41.0,No,0
41.0,No,0
41.0,No,0
41.0,No,0
41.0,Yes,1
41.0,No,0
41.0,No,0
41.0,Yes,1
41.17,No,0
41.17,No,0
41.17,No,0
41.17,No,0
41.17,No,0
41.17,No,0
41.17,No,0
41.17,No,0
41.33,No,0
41.33,No,0
41.33,No,0
41.33,No,0
41.33,No,0
41.33,No,0
41.33,No,0
41.5,No,0
41.5,No,0
41.5,No,0
41.5,No,0
41.5,No,0
41.5,No,0
41.5,No,0
41.5,No,0
41.5,No,0
41.5,No,0
41.67,No,0
41.67,No,0
41.83,No,0
41.83,No,0
41.83,No,0
41.83,No,0
41.83,No,0
41.83,No,0
41.83,No,0
41.83,No,0
42.0,No,0
42.0,No,0
42.0,No,0
42.0,No,0
42.0,No,0
42.17,No,0
42.17,No,0
42.17,No,0
42.17,No,0
42.17,No,0
42.17,Yes,1
42.33,No,0
42.33,No,0
42.33,No,0
42.33,No,0
42.33,No,0
42.33,No,0
42.33,No,0
42.5,No,0
42.5,No,0
42.5,No,0
42.5,No,0
42.5,No,0
42.5,No,0
42.5,No,0
42.67,No,0
42.67,No,0
42.67,No,0
42.67,No,0
42.67,No,0
42.67,No,0
42.67,Yes,1
42.67,No,0
42.83,No,0
42.83,No,0
42.83,No,0
43.0,No,0
43.0,No,0
43.0,No,0
43.0,No,0
43.0,No,0
43.0,No,0
43.17,No,0
43.17,No,0
43.17,No,0
43.17,No,0
43.17,No,0
43.17,No,0
43.17,No,0
43.33,No,0
43.33,No,0
43.33,No,0
43.33,No,0
43.33,No,0
43.33,No,0
43.33,No,0
43.33,No,0
43.33,No,0
43.33,No,0
43.33,No,0
43.5,No,0
43.5,No,0
43.5,No,0
43.5,No,0
43.5,No,0
43.5,No,0
43.5,No,0
43.5,No,0
43.5,No,0
43.5,No,0
43.5,No,0
43.67,No,0
43.67,No,0
43.67,No,0
43.67,No,0
43.67,No,0
43.67,No,0
43.83,No,0
43.83,No,0
43.83,No,0
43.83,No,0
43.83,No,0
44.0,No,0
44.0,No,0
44.0,No,0
44.0,No,0
44.0,No,0
44.0,No,0
44.0,No,0
44.0,No,0
44.0,No,0
44.0,No,0
44.17,No,0
44.17,No,0
44.17,No,0
44.17,No,0
44.17,No,0
44.17,Yes,1
44.17,No,0
44.33,No,0
44.33,No,0
44.33,No,0
44.33,No,0
44.33,No,0
44.33,No,0
44.5,No,0
44.5,No,0
44.5,No,0
44.5,No,0
44.5,No,0
44.67,No,0
44.67,No,0
44.67,No,0
44.67,Yes,1
44.67,No,0
44.67,No,0
44.67,No,0
44.83,No,0
44.83,No,0
44.83,No,0
44.83,No,0
44.83,No,0
44.83,No,0
45.0,No,0
45.0,No,0
45.0,No,0
45.0,No,0
45.0,No,0
45.17,No,0
45.17,No,0
45.17,No,0
45.17,No,0
45.17,No,0
45.17,No,0
45.17,No,0
45.33,No,0
45.33,No,0
45.33,No,0
45.33,No,0
45.33,No,0
45.5,No,0
45.5,No,0
45.5,No,0
45.5,No,0
45.67,No,0
45.67,No,0
45.67,No,0
45.67,No,0
45.67,No,0
45.67,No,0
45.67,No,0
45.83,No,0
45.83,No,0
45.83,No,0
45.83,No,0
45.83,No,0
45.83,No,0
45.83,No,0
45.83,No,0
45.83,No,0
45.83,No,0
45.83,No,0
46.0,No,0
46.0,No,0
46.0,Yes,1
46.0,No,0
46.0,No,0
46.0,No,0
46.17,Yes,1
46.17,No,0
46.17,No,0
46.17,No,0
46.17,No,0
46.17,No,0
46.33,No,0
46.33,No,0
46.33,No,0
46.33,No,0
46.33,No,0
46.33,No,0
46.33,No,0
46.33,No,0
46.5,No,0
46.5,No,0
46.5,No,0
46.5,No,0
46.5,No,0
46.5,No,0
46.5,No,0
46.5,No,0
46.67,No,0
46.67,No,0
46.67,No,0
46.67,No,0
46.67,No,0
46.83,No,0
46.83,No,0
46.83,No,0
46.83,Yes,1
46.83,Yes,1
46.83,No,0
47.0,No,0
47.0,No,0
47.0,No,0
47.0,No,0
47.17,No,0
47.17,No,0
47.17,Yes,1
47.17,No,0
47.17,No,0
47.17,No,0
47.17,No,0
47.17,No,0
47.17,No,0
47.17,No,0
47.33,Yes,1
47.33,No,0
47.33,No,0
47.33,No,0
47.33,No,0
47.33,No,0
47.33,Yes,1
47.33,No,0
47.5,No,0
47.67,No,0
47.67,No,0
47.67,No,0
47.67,Yes,1
47.67,No,0
47.67,No,0
47.67,No,0
47.83,No,0
47.83,No,0
47.83,No,0
47.83,No,0
47.83,No,0
47.83,No,0
48.0,No,0
48.0,No,0
48.17,No,0
48.17,No,0
48.17,No,0
48.17,No,0
48.17,No,0
48.33,No,0
48.33,No,0
48.33,No,0
48.33,No,0
48.33,No,0
48.33,No,0
48.33,No,0
48.33,No,0
48.5,No,0
48.5,No,0
48.5,No,0
48.5,No,0
48.5,No,0
48.5,No,0
48.5,No,0
48.67,No,0
48.67,No,0
48.67,No,0
48.67,No,0
48.67,No,0
48.67,No,0
48.67,No,0
48.83,No,0
48.83,No,0
48.83,No,0
48.83,No,0
48.83,No,0
48.83,No,0
48.83,No,0
48.83,No,0
49.0,No,0
49.0,No,0
49.0,No,0
49.0,No,0
49.0,No,0
49.0,No,0
49.0,No,0
49.0,No,0
49.17,No,0
49.17,Yes,1
49.17,No,0
49.17,No,0
49.17,No,0
49.17,No,0
49.33,Yes,1
49.33,No,0
49.33,No,0
49.33,No,0
49.33,No,0
49.33,No,0
49.33,No,0
49.33,No,0
49.33,No,0
49.33,No,0
49.33,No,0
49.33,No,0
49.33,No,0
49.5,No,0
49.5,No,0
49.5,No,0
49.66,No,0
49.67,No,0
49.67,No,0
49.67,No,0
49.83,No,0
49.83,No,0
49.83,No,0
49.83,No,0
49.83,No,0
49.83,No,0
50.0,No,0
50.0,No,0
50.0,No,0
50.0,No,0
50.0,No,0
50.17,No,0
50.17,No,0
50.17,No,0
50.33,No,0
50.33,No,0
50.33,No,0
50.33,No,0
50.33,No,0
50.33,No,0
50.33,No,0
50.5,No,0
50.5,No,0
50.5,No,0
50.5,No,0
50.67,No,0
50.67,No,0
50.67,No,0
50.67,No,0
50.67,No,0
50.67,No,0
50.67,Yes,1
50.83,Yes,1
50.83,No,0
50.83,Yes,1
50.83,No,0
50.83,No,0
51.0,No,0
51.0,No,0
51.0,No,0
51.0,No,0
51.0,Yes,1
51.0,No,0
51.0,No,0
51.0,No,0
51.0,No,0
51.0,No,0
51.0,No,0
51.17,No,0
51.17,No,0
51.17,No,0
51.17,Yes,1
51.17,No,0
51.17,No,0
51.17,No,0
51.17,No,0
51.17,No,0
51.33,No,0
51.33,No,0
51.33,Yes,1
51.33,No,0
51.33,No,0
51.33,No,0
51.33,No,0
51.33,No,0
51.33,No,0
51.33,No,0
51.33,Yes,1
51.5,No,0
51.5,No,0
51.5,No,0
51.5,No,0
51.5,No,0
51.5,No,0
51.67,No,0
51.67,No,0
51.67,No,0
51.67,No,0
51.67,No,0
51.83,No,0
51.83,No,0
51.83,Yes,1
51.83,No,0
51.83,No,0
52.0,No,0
52.0,No,0
52.0,No,0
52.0,No,0
52.0,No,0
52.0,No,0
52.0,No,0
52.17,No,0
52.17,Yes,1
52.17,No,0
52.17,No,0
52.33,No,0
52.33,No,0
52.33,No,0
52.33,No,0
52.33,No,0
52.33,No,0
52.33,No,0
52.33,No,0
52.33,No,0
52.33,No,0
52.33,No,0
52.33,No,0
52.33,No,0
52.5,No,0
52.67,No,0
52.67,No,0
52.67,No,0
52.67,No,0
52.67,No,0
52.67,No,0
52.67,No,0
52.67,No,0
52.83,No,0
52.83,No,0
52.83,No,0
52.83,No,0
53.0,No,0
53.0,No,0
53.0,No,0
53.0,No,0
53.0,No,0
53.0,No,0
53.0,No,0
53.0,No,0
53.17,No,0
53.17,No,0
53.17,No,0
53.17,No,0
53.17,No,0
53.17,No,0
53.33,No,0
53.33,No,0
53.33,No,0
53.33,No,0
53.33,No,0
53.33,No,0
53.33,No,0
53.33,No,0
53.33,No,0
53.5,No,0
53.5,No,0
53.5,No,0
53.5,No,0
53.5,No,0
53.5,No,0
53.5,No,0
53.5,No,0
53.5,No,0
53.5,No,0
53.67,No,0
53.83,No,0
53.83,No,0
53.83,No,0
53.83,No,0
53.83,No,0
54.0,No,0
54.0,No,0
54.0,No,0
54.0,No,0
54.0,No,0
54.0,No,0
54.0,No,0
54.0,No,0
54.0,No,0
54.17,No,0
54.17,No,0
54.17,No,0
54.17,No,0
54.17,No,0
54.17,No,0
54.17,No,0
54.17,No,0
54.33,No,0
54.33,No,0
54.33,No,0
54.33,No,0
54.5,No,0
54.5,No,0
54.5,No,0
54.5,No,0
54.5,No,0
54.5,No,0
54.5,No,0
54.5,No,0
54.67,No,0
54.67,No,0
54.67,No,0
54.67,No,0
54.67,Yes,1
54.67,No,0
54.67,No,0
54.67,No,0
54.83,No,0
54.83,No,0
55.0,No,0
55.0,No,0
55.0,No,0
55.0,No,0
55.0,No,0
55.0,No,0
55.17,No,0
55.17,No,0
55.17,No,0
55.17,No,0
55.17,No,0
55.17,No,0
55.33,No,0
55.33,No,0
55.33,No,0
55.33,No,0
55.33,No,0
55.33,Yes,1
55.5,No,0
55.5,No,0
55.5,No,0
55.5,No,0
55.67,No,0
55.67,No,0
55.67,No,0
55.67,No,0
55.67,No,0
55.67,No,0
55.67,No,0
55.67,No,0
55.67,No,0
55.67,No,0
55.83,No,0
55.83,No,0
55.83,Yes,1
55.83,No,0
55.83,No,0
55.83,Yes,1
55.83,Yes,1
55.83,No,0
56.0,No,0
56.0,No,0
56.0,No,0
56.0,No,0
56.0,No,0
56.0,No,0
56.0,No,0
56.0,No,0
56.0,No,0
56.0,No,0
56.0,No,0
56.0,No,0
56.17,No,0
56.17,No,0
56.17,No,0
56.17,No,0
56.33,No,0
56.33,No,0
56.33,No,0
56.33,No,0
56.33,No,0
56.33,No,0
56.5,No,0
56.5,No,0
56.5,No,0
56.5,Yes,1
56.5,No,0
