experiment,variant,zip_mode,ka_mode,transform_mode,include_extended_interactions,feature_count,model,train_kind,evaluation,threshold,test_rows,test_positives,f1,recall,precision,accuracy,balanced_accuracy,roc_auc,pr_auc,mcc,tp,fp,fn,tn,validation_threshold,validation_f1,validation_recall,validation_precision,validation_accuracy,validation_balanced_accuracy,validation_roc_auc,validation_pr_auc,validation_mcc,validation_tp,validation_fp,validation_fn,validation_tn,threshold_selection_strategy,min_recall_constraint
paper_ablation_benchmark,paper_core_zip_log_ka_abstract,encoded,abstract,log_revenue,False,21,BalancedBagging_original,original,validation_threshold,0.53,1688,109,0.15605095541401273,0.44954128440366975,0.09441233140655106,0.6860189573459715,0.5759422698142478,0.5812586063644973,0.0955428362127634,0.08089598150151142,49,470,60,1109,0.53,0.15678776290630975,0.3761467889908257,0.09903381642512077,0.7385892116182573,0.5698858152812176,0.591731491494285,0.0886494097847551,0.07984935413062037,41.0,373.0,68.0,1205.0,max_f1_with_min_recall_constraint,0.3
paper_ablation_benchmark,extended_zip_top50_log_sqrt_interactions,top_n,label,log_revenue_sqrt_subscribers,True,25,BalancedBagging_tree_depthnone_leaf25,original,validation_threshold,0.55,1688,109,0.15450643776824036,0.3302752293577982,0.10084033613445378,0.7665876777251185,0.5634910028992918,0.56973697207035,0.10039161164495068,0.07642287313505806,36,321,73,1258,0.55,0.15486725663716813,0.3211009174311927,0.10204081632653061,0.7735625370480143,0.5629585702491832,0.5957023755537726,0.09407817779443317,0.07691391298496515,35.0,308.0,74.0,1270.0,max_f1_with_min_recall_constraint,0.3
paper_ablation_benchmark,extended_zip_log_sqrt_interactions,encoded,label,log_revenue_sqrt_subscribers,True,25,BalancedBagging_original,original,validation_threshold,0.55,1688,109,0.15087040618955513,0.3577981651376147,0.09558823529411764,0.7399289099526066,0.5620529774389783,0.5757301973726258,0.10534161351429257,0.07124622662911359,39,369,70,1210,0.55,0.17634408602150536,0.3761467889908257,0.1151685393258427,0.7729697688203913,0.5882635085638539,0.6011005685980395,0.09531320034168707,0.10635646752645796,41.0,315.0,68.0,1263.0,max_f1_with_min_recall_constraint,0.3
paper_ablation_benchmark,extended_zip_log_sqrt_interactions,encoded,label,log_revenue_sqrt_subscribers,True,25,BalancedBagging_tree_depthnone_leaf25,original,validation_threshold,0.54,1688,109,0.14728682170542637,0.3486238532110092,0.09336609336609336,0.7393364928909952,0.5574658214756756,0.5789868166473962,0.09996655372515703,0.06603469244867245,38,369,71,1210,0.54,0.16633663366336635,0.3853211009174312,0.10606060606060606,0.7504445761707172,0.5804932500784874,0.5986267601539518,0.09163589950733964,0.09337819897268516,42.0,354.0,67.0,1224.0,max_f1_with_min_recall_constraint,0.3
paper_ablation_benchmark,paper_core_zip_log_ka_abstract,encoded,abstract,log_revenue,False,21,BalancedBagging_tree_depthnone_leaf25,original,validation_threshold,0.53,1688,109,0.14616755793226383,0.3761467889908257,0.09070796460176991,0.7162322274881516,0.5579277326841399,0.5831730685429751,0.10612103128852676,0.06430465125001827,41,411,68,1168,0.53,0.15264187866927592,0.3577981651376147,0.09701492537313433,0.7433313574392413,0.5638800711619633,0.606801083708329,0.09197125471254664,0.07372207406339759,39.0,363.0,70.0,1215.0,max_f1_with_min_recall_constraint,0.3
paper_ablation_benchmark,paper_core_zip_log,encoded,label,log_revenue,False,20,BalancedBagging_tree_depthnone_leaf25,original,validation_threshold,0.54,1688,109,0.14595660749506903,0.3394495412844037,0.09296482412060302,0.7434834123222749,0.5554119144040764,0.5778276809733254,0.1052342482150767,0.06416542470069216,37,361,72,1218,0.54,0.15384615384615385,0.3211009174311927,0.10115606936416185,0.7717842323651453,0.5620079999069778,0.6006732479854884,0.08780686826117923,0.0755078368863059,35.0,311.0,74.0,1267.0,max_f1_with_min_recall_constraint,0.3
paper_ablation_benchmark,extended_no_zip_log_sqrt_interactions,drop,label,log_revenue_sqrt_subscribers,True,24,BalancedBagging_original,original,validation_threshold,0.55,1688,109,0.14531548757170173,0.3486238532110092,0.09178743961352658,0.7351895734597157,0.5552492286954349,0.5640400671659569,0.09851681239200138,0.06312125782514785,38,376,71,1203,0.55,0.17943107221006566,0.3761467889908257,0.11781609195402298,0.7777119146413752,0.5907983628097347,0.6001558121417194,0.0993277261223172,0.11033031329211024,41.0,307.0,68.0,1271.0,max_f1_with_min_recall_constraint,0.3
paper_ablation_benchmark,paper_core_zip_log,encoded,label,log_revenue,False,20,BalancedBagging_original,original,validation_threshold,0.51,1688,109,0.14322916666666666,0.5045871559633027,0.0834597875569044,0.6101895734597157,0.5610332866580288,0.5765668667313535,0.09904140507120306,0.061496538697988185,55,604,54,975,0.51,0.15082956259426847,0.45871559633027525,0.09025270758122744,0.6662714878482513,0.5696619806746434,0.5954465645748306,0.0857216613031967,0.07293277281372816,50.0,504.0,59.0,1074.0,max_f1_with_min_recall_constraint,0.3
paper_ablation_benchmark,extended_no_zip_log_sqrt_interactions,drop,label,log_revenue_sqrt_subscribers,True,24,BalancedBagging_tree_depthnone_leaf25,original,validation_threshold,0.55,1688,109,0.14163090128755365,0.30275229357798167,0.09243697478991597,0.7630331753554502,0.5487795666749946,0.5675232843920492,0.09614736291489268,0.05871500630568565,33,324,76,1255,0.55,0.17558886509635974,0.3761467889908257,0.11452513966480447,0.7717842323651453,0.5876297950023837,0.6003883675771212,0.09841784407456343,0.10537668593015292,41.0,317.0,68.0,1261.0,max_f1_with_min_recall_constraint,0.3
paper_ablation_benchmark,extended_zip_top50_log_sqrt_ka_abstract,top_n,abstract,log_revenue_sqrt_subscribers,True,26,BalancedBagging_tree_depthnone_leaf25,original,validation_threshold,0.53,1688,109,0.1413427561837456,0.3669724770642202,0.087527352297593,0.7120853080568721,0.5514406400520595,0.5781908187158288,0.10524386028269422,0.056905408697319124,40,417,69,1162,0.53,0.15932203389830507,0.43119266055045874,0.09771309771309772,0.7059869590989923,0.5780804874361927,0.5995482610667318,0.10099340094789166,0.0850340898838592,47.0,434.0,62.0,1144.0,max_f1_with_min_recall_constraint,0.3
paper_ablation_benchmark,extended_zip_top50_log_sqrt_ka_research,top_n,research_full,log_revenue_sqrt_subscribers,True,29,LogisticRegression_SMOTE,resampled,validation_threshold,0.44,1688,109,0.14122137404580154,0.3394495412844037,0.0891566265060241,0.7334123222748815,0.5500287605092062,0.5671804823631261,0.08504088634702063,0.05711047898208344,37,378,72,1201,0.44,0.14671814671814673,0.3486238532110092,0.09290953545232274,0.7379964433906343,0.5567580609527796,0.5660748130835688,0.08952446623190079,0.06511742420903358,38.0,371.0,71.0,1207.0,max_f1_with_min_recall_constraint,0.3
paper_ablation_benchmark,paper_core_zip_log,encoded,label,log_revenue,False,20,LogisticRegression_SMOTE,resampled,validation_threshold,0.35,1688,109,0.13866039952996476,0.5412844036697247,0.07951482479784366,0.5657582938388626,0.5543660777056667,0.5592437438629723,0.07788219399401715,0.053841207382510116,59,683,50,896,0.35,0.16346153846153846,0.6238532110091743,0.09405255878284924,0.5874333135743924,0.6043854141230915,0.5918535830978711,0.08739207037900924,0.10371197316524712,68.0,655.0,41.0,923.0,max_f1_with_min_recall_constraint,0.3
paper_ablation_benchmark,extended_zip_top50_log_sqrt_ka_abstract,top_n,abstract,log_revenue_sqrt_subscribers,True,26,LogisticRegression_SMOTE,resampled,validation_threshold,0.35,1688,109,0.1378504672897196,0.5412844036697247,0.07898259705488621,0.5627962085308057,0.5527827971483519,0.5633806090255707,0.0802520240991777,0.05223620268259882,59,688,50,891,0.35,0.14251207729468598,0.5412844036697247,0.08205841446453407,0.5791345583876705,0.5615167265496912,0.5718857920256742,0.10068071633480938,0.06116286743572206,59.0,660.0,50.0,918.0,max_f1_with_min_recall_constraint,0.3
paper_ablation_benchmark,paper_core_zip_log,encoded,label,log_revenue,False,20,EasyEnsemble_original,original,validation_threshold,0.54,1688,109,0.13592233009708737,0.3853211009174312,0.0825147347740668,0.683649289099526,0.5447821464055174,0.5598102387412774,0.088241120098598,0.04796488652675019,42,467,67,1112,0.54,0.17326732673267325,0.3211009174311927,0.11864406779661017,0.8020154119739182,0.5781676957244684,0.623385193195428,0.09703981668447091,0.10117970950724244,35.0,260.0,74.0,1318.0,max_f1_with_min_recall_constraint,0.3
paper_ablation_benchmark,paper_core_zip_top50_log,top_n,label,log_revenue,False,20,LogisticRegression_SMOTE,resampled,validation_threshold,0.33,1688,109,0.13390928725701945,0.5688073394495413,0.07588739290085679,0.5248815165876777,0.5453283055702425,0.5617886131624359,0.07794695294884117,0.04458447825769397,62,755,47,824,0.33,0.14822546972860126,0.6513761467889908,0.08362779740871613,0.5163011262596325,0.5791734979825816,0.5876327019453262,0.09065575156214514,0.07785754808616346,71.0,778.0,38.0,800.0,max_f1_with_min_recall_constraint,0.3
paper_ablation_benchmark,paper_core_zip_log_ka_abstract,encoded,abstract,log_revenue,False,21,EasyEnsemble_original,original,validation_threshold,0.54,1688,109,0.13333333333333333,0.3853211009174312,0.08061420345489444,0.6765402843601895,0.540982273067962,0.5613993295024722,0.08904864879705329,0.04360899344657259,42,479,67,1100,0.54,0.1691542288557214,0.3119266055045872,0.11604095563139932,0.8020154119739182,0.5738973965419008,0.623507284799014,0.09709747731607826,0.09590929202652619,34.0,259.0,75.0,1319.0,max_f1_with_min_recall_constraint,0.3
paper_ablation_benchmark,extended_zip_top50_log_sqrt_interactions,top_n,label,log_revenue_sqrt_subscribers,True,25,BalancedBagging_original,original,validation_threshold,0.53,1688,109,0.13270142180094788,0.3853211009174312,0.08015267175572519,0.6747630331753555,0.5400323047335731,0.5669161180865836,0.1052926604972581,0.04253072343020939,42,482,67,1097,0.53,0.17073170731707318,0.44954128440366975,0.1053763440860215,0.7178423236514523,0.59295822141603,0.6061615562609737,0.09790574530154686,0.10228747790560294,49.0,416.0,60.0,1162.0,max_f1_with_min_recall_constraint,0.3
paper_ablation_benchmark,extended_zip_top50_log_sqrt_ka_abstract,top_n,abstract,log_revenue_sqrt_subscribers,True,26,BalancedBagging_original,original,validation_threshold,0.52,1688,109,0.13068181818181818,0.42201834862385323,0.0773109243697479,0.6374407582938388,0.5371649691187663,0.5731504668498818,0.10804894798736268,0.038238383285694545,46,549,63,1030,0.52,0.1715210355987055,0.48623853211009177,0.10412573673870335,0.6965026674570243,0.5986325740398367,0.6001819746282021,0.09947316004847925,0.10565391023166726,53.0,456.0,56.0,1122.0,max_f1_with_min_recall_constraint,0.3
paper_ablation_benchmark,paper_core_no_zip_log,drop,label,log_revenue,False,19,BalancedBagging_original,original,validation_threshold,0.55,1688,109,0.13043478260869565,0.27522935779816515,0.08547008547008547,0.7630331753554502,0.5359680671194753,0.5596707938481562,0.08786053855018684,0.043564441203749076,30,321,79,1258,0.55,0.18004866180048662,0.3394495412844037,0.12251655629139073,0.8002371072910492,0.5857577237473983,0.6038534435646098,0.09324549765289634,0.10998706953762538,37.0,265.0,72.0,1313.0,max_f1_with_min_recall_constraint,0.3
paper_ablation_benchmark,paper_core_zip_log_ka_abstract,encoded,abstract,log_revenue,False,21,LogisticRegression_SMOTE,resampled,validation_threshold,0.43,1688,109,0.1299638989169675,0.3302752293577982,0.08089887640449438,0.7144549763033176,0.535625265090552,0.5618002335701959,0.07908032632012563,0.03974448231036755,36,409,73,1170,0.43,0.15071283095723015,0.3394495412844037,0.0968586387434555,0.7528156490812092,0.5604091812885896,0.5883507168521296,0.10217690656112333,0.07096803111630964,37.0,345.0,72.0,1233.0,max_f1_with_min_recall_constraint,0.3
paper_ablation_benchmark,extended_zip_top50_log_sqrt_ka_abstract,top_n,abstract,log_revenue_sqrt_subscribers,True,26,EasyEnsemble_original,original,validation_threshold,0.53,1688,109,0.1297016861219196,0.45871559633027525,0.0755287009063444,0.6024881516587678,0.5355642579498114,0.5685400700710588,0.10212633675601812,0.0358051408162574,50,612,59,967,0.53,0.17365269461077845,0.5321100917431193,0.1037567084078712,0.6727919383521044,0.6073097987232707,0.6206090626853176,0.10944132094018993,0.1120922716410171,58.0,501.0,51.0,1077.0,max_f1_with_min_recall_constraint,0.3
paper_ablation_benchmark,extended_zip_log_sqrt_interactions,encoded,label,log_revenue_sqrt_subscribers,True,25,EasyEnsemble_original,original,validation_threshold,0.52,1688,109,0.12925969447708577,0.5045871559633027,0.07412398921832884,0.5610189573459715,0.5347508294066039,0.5706433638756384,0.09029521170071292,0.034415331981916535,55,687,54,892,0.52,0.16597510373443983,0.5504587155963303,0.09771986970684039,0.6425607587433314,0.5996907012709154,0.6157719096289578,0.09975994292193935,0.10187493591590846,60.0,554.0,49.0,1024.0,max_f1_with_min_recall_constraint,0.3
paper_ablation_benchmark,extended_zip_top50_log_sqrt_interactions,top_n,label,log_revenue_sqrt_subscribers,True,25,EasyEnsemble_original,original,validation_threshold,0.53,1688,109,0.12903225806451613,0.45871559633027525,0.07507507507507508,0.6001184834123223,0.5342976335039596,0.568557500682699,0.10040798405693274,0.03449339187680119,50,616,59,963,0.53,0.17210682492581603,0.5321100917431193,0.10265486725663717,0.6692353289863663,0.60540865803886,0.6209317333519377,0.10931048525470641,0.10981265100660702,58.0,507.0,51.0,1071.0,max_f1_with_min_recall_constraint,0.3
paper_ablation_benchmark,paper_core_no_zip_log,drop,label,log_revenue,False,19,LogisticRegression_SMOTE,resampled,validation_threshold,0.33,1688,109,0.12861736334405144,0.5504587155963303,0.07281553398058252,0.5183649289099526,0.5333040886404704,0.5605917111631447,0.0774761992565077,0.032750006183519156,60,764,49,815,0.33,0.1524008350730689,0.6697247706422018,0.08598351001177856,0.5186721991701245,0.5889815234706572,0.5939378611876606,0.09146110214732747,0.08750255349234336,73.0,776.0,36.0,802.0,max_f1_with_min_recall_constraint,0.3
paper_ablation_benchmark,paper_core_no_zip_log,drop,label,log_revenue,False,19,EasyEnsemble_original,original,validation_threshold,0.53,1688,109,0.1262135922330097,0.47706422018348627,0.07272727272727272,0.5734597156398105,0.5285891081918065,0.5505894451836315,0.08441160997325346,0.028439730511335953,52,663,57,916,0.53,0.165625,0.48623853211009177,0.09981167608286252,0.6834617664493183,0.5916617248636644,0.6194259369077103,0.10149924936518032,0.09704174377318446,53.0,478.0,56.0,1100.0,max_f1_with_min_recall_constraint,0.3
paper_ablation_benchmark,extended_no_zip_log_sqrt_interactions,drop,label,log_revenue_sqrt_subscribers,True,24,EasyEnsemble_original,original,validation_threshold,0.53,1688,109,0.12596401028277635,0.44954128440366975,0.07324364723467862,0.5971563981042654,0.5284438530948051,0.5682931364061565,0.09180894510003253,0.028583972522134838,49,620,60,959,0.53,0.16666666666666666,0.5137614678899083,0.0994671403197158,0.6680497925311203,0.5962343461122546,0.6176963058569087,0.10435941843006716,0.10034355673181712,56.0,507.0,53.0,1071.0,max_f1_with_min_recall_constraint,0.3
paper_ablation_benchmark,extended_zip_log_sqrt_interactions,encoded,label,log_revenue_sqrt_subscribers,True,25,LogisticRegression_SMOTE,resampled,validation_threshold,0.42,1688,109,0.1256544502617801,0.3302752293577982,0.07758620689655173,0.7031990521327014,0.529608798972756,0.5550139154382927,0.0801192530198366,0.032599084361329335,36,428,73,1151,0.42,0.1497326203208556,0.3853211009174312,0.09292035398230089,0.7172495554238293,0.5627492703573214,0.5777432820548598,0.0895677344417851,0.06966308901335735,42.0,410.0,67.0,1168.0,max_f1_with_min_recall_constraint,0.3
paper_ablation_benchmark,paper_core_zip_top50_log,top_n,label,log_revenue,False,20,BalancedBagging_original,original,validation_threshold,0.54,1688,109,0.1252371916508539,0.30275229357798167,0.07894736842105263,0.7268957345971564,0.5294635438757546,0.5708728669289005,0.11580062870336146,0.03355284038567172,33,385,76,1194,0.54,0.14945054945054945,0.3119266055045872,0.09826589595375723,0.7705986959098993,0.55710398716294,0.5918128858966756,0.0843670240665331,0.06953616557098088,34.0,312.0,75.0,1266.0,max_f1_with_min_recall_constraint,0.3
paper_ablation_benchmark,extended_no_zip_log_sqrt_interactions,drop,label,log_revenue_sqrt_subscribers,True,24,LogisticRegression_SMOTE,resampled,validation_threshold,0.38,1688,109,0.1246376811594203,0.3944954128440367,0.07401032702237521,0.6421800947867299,0.5268867184549506,0.5562514888647443,0.07952593105263026,0.02781699628297156,43,538,66,1041,0.38,0.1497175141242938,0.48623853211009177,0.08848080133555926,0.6431535269709544,0.5701154637736771,0.5824903198800013,0.09389332666604289,0.0720414915987684,53.0,546.0,56.0,1032.0,max_f1_with_min_recall_constraint,0.3
paper_ablation_benchmark,paper_core_zip_top50_log,top_n,label,log_revenue,False,20,EasyEnsemble_original,original,validation_threshold,0.54,1688,109,0.12326656394453005,0.3669724770642202,0.07407407407407407,0.6629146919431279,0.5251581828006344,0.5524196594058486,0.08456075770898218,0.026512199195826234,40,500,69,1079,0.54,0.16173570019723865,0.3761467889908257,0.10301507537688442,0.7480735032602253,0.5749555237729794,0.6169521284636226,0.10407088352988941,0.08680253180817823,41.0,357.0,68.0,1221.0,max_f1_with_min_recall_constraint,0.3
