column_ko,column_description,group,rows,yes_count,no_count,yes_rate,no_rate,yes_rate_percent,no_rate_percent,path
청구 우편번호,고객 청구지 우편번호다. 지역별 이탈 신호를 확인하는 데 사용한다.,1619,1,1,0,1.0,0.0,100.0,0.0,processed\column_split_datasets\02_category_value_subsets\Billing_ZIP\zip_1619_churn.csv
청구 우편번호,고객 청구지 우편번호다. 지역별 이탈 신호를 확인하는 데 사용한다.,1784,1,1,0,1.0,0.0,100.0,0.0,processed\column_split_datasets\02_category_value_subsets\Billing_ZIP\zip_1784_churn.csv
청구 우편번호,고객 청구지 우편번호다. 지역별 이탈 신호를 확인하는 데 사용한다.,4417,1,1,0,1.0,0.0,100.0,0.0,processed\column_split_datasets\02_category_value_subsets\Billing_ZIP\zip_4417_churn.csv
청구 우편번호,고객 청구지 우편번호다. 지역별 이탈 신호를 확인하는 데 사용한다.,4618,1,1,0,1.0,0.0,100.0,0.0,processed\column_split_datasets\02_category_value_subsets\Billing_ZIP\zip_4618_churn.csv
청구 우편번호,고객 청구지 우편번호다. 지역별 이탈 신호를 확인하는 데 사용한다.,4630,1,1,0,1.0,0.0,100.0,0.0,processed\column_split_datasets\02_category_value_subsets\Billing_ZIP\zip_4630_churn.csv
청구 우편번호,고객 청구지 우편번호다. 지역별 이탈 신호를 확인하는 데 사용한다.,4638,1,1,0,1.0,0.0,100.0,0.0,processed\column_split_datasets\02_category_value_subsets\Billing_ZIP\zip_4638_churn.csv
청구 우편번호,고객 청구지 우편번호다. 지역별 이탈 신호를 확인하는 데 사용한다.,5800,1,1,0,1.0,0.0,100.0,0.0,processed\column_split_datasets\02_category_value_subsets\Billing_ZIP\zip_5800_churn.csv
청구 우편번호,고객 청구지 우편번호다. 지역별 이탈 신호를 확인하는 데 사용한다.,6170,1,1,0,1.0,0.0,100.0,0.0,processed\column_split_datasets\02_category_value_subsets\Billing_ZIP\zip_6170_churn.csv
청구 우편번호,고객 청구지 우편번호다. 지역별 이탈 신호를 확인하는 데 사용한다.,6264,1,1,0,1.0,0.0,100.0,0.0,processed\column_split_datasets\02_category_value_subsets\Billing_ZIP\zip_6264_churn.csv
청구 우편번호,고객 청구지 우편번호다. 지역별 이탈 신호를 확인하는 데 사용한다.,6353,1,1,0,1.0,0.0,100.0,0.0,processed\column_split_datasets\02_category_value_subsets\Billing_ZIP\zip_6353_churn.csv
청구 우편번호,고객 청구지 우편번호다. 지역별 이탈 신호를 확인하는 데 사용한다.,6670,1,1,0,1.0,0.0,100.0,0.0,processed\column_split_datasets\02_category_value_subsets\Billing_ZIP\zip_6670_churn.csv
청구 우편번호,고객 청구지 우편번호다. 지역별 이탈 신호를 확인하는 데 사용한다.,6673,1,1,0,1.0,0.0,100.0,0.0,processed\column_split_datasets\02_category_value_subsets\Billing_ZIP\zip_6673_churn.csv
청구 우편번호,고객 청구지 우편번호다. 지역별 이탈 신호를 확인하는 데 사용한다.,6845,1,1,0,1.0,0.0,100.0,0.0,processed\column_split_datasets\02_category_value_subsets\Billing_ZIP\zip_6845_churn.csv
청구 우편번호,고객 청구지 우편번호다. 지역별 이탈 신호를 확인하는 데 사용한다.,7800,1,1,0,1.0,0.0,100.0,0.0,processed\column_split_datasets\02_category_value_subsets\Billing_ZIP\zip_7800_churn.csv
청구 우편번호,고객 청구지 우편번호다. 지역별 이탈 신호를 확인하는 데 사용한다.,8643,1,1,0,1.0,0.0,100.0,0.0,processed\column_split_datasets\02_category_value_subsets\Billing_ZIP\zip_8643_churn.csv
청구 우편번호,고객 청구지 우편번호다. 지역별 이탈 신호를 확인하는 데 사용한다.,8800,1,1,0,1.0,0.0,100.0,0.0,processed\column_split_datasets\02_category_value_subsets\Billing_ZIP\zip_8800_churn.csv
청구 우편번호,고객 청구지 우편번호다. 지역별 이탈 신호를 확인하는 데 사용한다.,4018,3,2,1,0.6666666666666666,0.3333333333333333,66.66666666666666,33.33333333333333,processed\column_split_datasets\02_category_value_subsets\Billing_ZIP\zip_4018_churn.csv
청구 우편번호,고객 청구지 우편번호다. 지역별 이탈 신호를 확인하는 데 사용한다.,4750,3,2,1,0.6666666666666666,0.3333333333333333,66.66666666666666,33.33333333333333,processed\column_split_datasets\02_category_value_subsets\Billing_ZIP\zip_4750_churn.csv
청구 우편번호,고객 청구지 우편번호다. 지역별 이탈 신호를 확인하는 데 사용한다.,6884,4,2,2,0.5,0.5,50.0,50.0,processed\column_split_datasets\02_category_value_subsets\Billing_ZIP\zip_6884_churn.csv
청구 우편번호,고객 청구지 우편번호다. 지역별 이탈 신호를 확인하는 데 사용한다.,8000,4,2,2,0.5,0.5,50.0,50.0,processed\column_split_datasets\02_category_value_subsets\Billing_ZIP\zip_8000_churn.csv
청구 우편번호,고객 청구지 우편번호다. 지역별 이탈 신호를 확인하는 데 사용한다.,4251,2,1,1,0.5,0.5,50.0,50.0,processed\column_split_datasets\02_category_value_subsets\Billing_ZIP\zip_4251_churn.csv
청구 우편번호,고객 청구지 우편번호다. 지역별 이탈 신호를 확인하는 데 사용한다.,4363,2,1,1,0.5,0.5,50.0,50.0,processed\column_split_datasets\02_category_value_subsets\Billing_ZIP\zip_4363_churn.csv
청구 우편번호,고객 청구지 우편번호다. 지역별 이탈 신호를 확인하는 데 사용한다.,4632,2,1,1,0.5,0.5,50.0,50.0,processed\column_split_datasets\02_category_value_subsets\Billing_ZIP\zip_4632_churn.csv
청구 우편번호,고객 청구지 우편번호다. 지역별 이탈 신호를 확인하는 데 사용한다.,4944,2,1,1,0.5,0.5,50.0,50.0,processed\column_split_datasets\02_category_value_subsets\Billing_ZIP\zip_4944_churn.csv
청구 우편번호,고객 청구지 우편번호다. 지역별 이탈 신호를 확인하는 데 사용한다.,6053,2,1,1,0.5,0.5,50.0,50.0,processed\column_split_datasets\02_category_value_subsets\Billing_ZIP\zip_6053_churn.csv
청구 우편번호,고객 청구지 우편번호다. 지역별 이탈 신호를 확인하는 데 사용한다.,6097,2,1,1,0.5,0.5,50.0,50.0,processed\column_split_datasets\02_category_value_subsets\Billing_ZIP\zip_6097_churn.csv
청구 우편번호,고객 청구지 우편번호다. 지역별 이탈 신호를 확인하는 데 사용한다.,4201,3,1,2,0.3333333333333333,0.6666666666666666,33.33333333333333,66.66666666666666,processed\column_split_datasets\02_category_value_subsets\Billing_ZIP\zip_4201_churn.csv
청구 우편번호,고객 청구지 우편번호다. 지역별 이탈 신호를 확인하는 데 사용한다.,4212,3,1,2,0.3333333333333333,0.6666666666666666,33.33333333333333,66.66666666666666,processed\column_split_datasets\02_category_value_subsets\Billing_ZIP\zip_4212_churn.csv
청구 우편번호,고객 청구지 우편번호다. 지역별 이탈 신호를 확인하는 데 사용한다.,4250,3,1,2,0.3333333333333333,0.6666666666666666,33.33333333333333,66.66666666666666,processed\column_split_datasets\02_category_value_subsets\Billing_ZIP\zip_4250_churn.csv
청구 우편번호,고객 청구지 우편번호다. 지역별 이탈 신호를 확인하는 데 사용한다.,4601,3,1,2,0.3333333333333333,0.6666666666666666,33.33333333333333,66.66666666666666,processed\column_split_datasets\02_category_value_subsets\Billing_ZIP\zip_4601_churn.csv
청구 우편번호,고객 청구지 우편번호다. 지역별 이탈 신호를 확인하는 데 사용한다.,4602,3,1,2,0.3333333333333333,0.6666666666666666,33.33333333333333,66.66666666666666,processed\column_split_datasets\02_category_value_subsets\Billing_ZIP\zip_4602_churn.csv
청구 우편번호,고객 청구지 우편번호다. 지역별 이탈 신호를 확인하는 데 사용한다.,4644,3,1,2,0.3333333333333333,0.6666666666666666,33.33333333333333,66.66666666666666,processed\column_split_datasets\02_category_value_subsets\Billing_ZIP\zip_4644_churn.csv
청구 우편번호,고객 청구지 우편번호다. 지역별 이탈 신호를 확인하는 데 사용한다.,4830,3,1,2,0.3333333333333333,0.6666666666666666,33.33333333333333,66.66666666666666,processed\column_split_datasets\02_category_value_subsets\Billing_ZIP\zip_4830_churn.csv
청구 우편번호,고객 청구지 우편번호다. 지역별 이탈 신호를 확인하는 데 사용한다.,6050,3,1,2,0.3333333333333333,0.6666666666666666,33.33333333333333,66.66666666666666,processed\column_split_datasets\02_category_value_subsets\Billing_ZIP\zip_6050_churn.csv
청구 우편번호,고객 청구지 우편번호다. 지역별 이탈 신호를 확인하는 데 사용한다.,6160,3,1,2,0.3333333333333333,0.6666666666666666,33.33333333333333,66.66666666666666,processed\column_split_datasets\02_category_value_subsets\Billing_ZIP\zip_6160_churn.csv
청구 우편번호,고객 청구지 우편번호다. 지역별 이탈 신호를 확인하는 데 사용한다.,8200,3,1,2,0.3333333333333333,0.6666666666666666,33.33333333333333,66.66666666666666,processed\column_split_datasets\02_category_value_subsets\Billing_ZIP\zip_8200_churn.csv
청구 우편번호,고객 청구지 우편번호다. 지역별 이탈 신호를 확인하는 데 사용한다.,8600,3,1,2,0.3333333333333333,0.6666666666666666,33.33333333333333,66.66666666666666,processed\column_split_datasets\02_category_value_subsets\Billing_ZIP\zip_8600_churn.csv
청구 우편번호,고객 청구지 우편번호다. 지역별 이탈 신호를 확인하는 데 사용한다.,4109,7,2,5,0.2857142857142857,0.7142857142857143,28.57142857142857,71.42857142857143,processed\column_split_datasets\02_category_value_subsets\Billing_ZIP\zip_4109_churn.csv
청구 우편번호,고객 청구지 우편번호다. 지역별 이탈 신호를 확인하는 데 사용한다.,4701,12,3,9,0.25,0.75,25.0,75.0,processed\column_split_datasets\02_category_value_subsets\Billing_ZIP\zip_4701_churn.csv
청구 우편번호,고객 청구지 우편번호다. 지역별 이탈 신호를 확인하는 데 사용한다.,4160,4,1,3,0.25,0.75,25.0,75.0,processed\column_split_datasets\02_category_value_subsets\Billing_ZIP\zip_4160_churn.csv
청구 우편번호,고객 청구지 우편번호다. 지역별 이탈 신호를 확인하는 데 사용한다.,4406,4,1,3,0.25,0.75,25.0,75.0,processed\column_split_datasets\02_category_value_subsets\Billing_ZIP\zip_4406_churn.csv
청구 우편번호,고객 청구지 우편번호다. 지역별 이탈 신호를 확인하는 데 사용한다.,4703,4,1,3,0.25,0.75,25.0,75.0,processed\column_split_datasets\02_category_value_subsets\Billing_ZIP\zip_4703_churn.csv
청구 우편번호,고객 청구지 우편번호다. 지역별 이탈 신호를 확인하는 데 사용한다.,4831,4,1,3,0.25,0.75,25.0,75.0,processed\column_split_datasets\02_category_value_subsets\Billing_ZIP\zip_4831_churn.csv
청구 우편번호,고객 청구지 우편번호다. 지역별 이탈 신호를 확인하는 데 사용한다.,6158,4,1,3,0.25,0.75,25.0,75.0,processed\column_split_datasets\02_category_value_subsets\Billing_ZIP\zip_6158_churn.csv
청구 우편번호,고객 청구지 우편번호다. 지역별 이탈 신호를 확인하는 데 사용한다.,6250,4,1,3,0.25,0.75,25.0,75.0,processed\column_split_datasets\02_category_value_subsets\Billing_ZIP\zip_6250_churn.csv
청구 우편번호,고객 청구지 우편번호다. 지역별 이탈 신호를 확인하는 데 사용한다.,6343,4,1,3,0.25,0.75,25.0,75.0,processed\column_split_datasets\02_category_value_subsets\Billing_ZIP\zip_6343_churn.csv
청구 우편번호,고객 청구지 우편번호다. 지역별 이탈 신호를 확인하는 데 사용한다.,6560,4,1,3,0.25,0.75,25.0,75.0,processed\column_split_datasets\02_category_value_subsets\Billing_ZIP\zip_6560_churn.csv
청구 우편번호,고객 청구지 우편번호다. 지역별 이탈 신호를 확인하는 데 사용한다.,6900,23,5,18,0.21739130434782608,0.782608695652174,21.73913043478261,78.26086956521739,processed\column_split_datasets\02_category_value_subsets\Billing_ZIP\zip_6900_churn.csv
청구 우편번호,고객 청구지 우편번호다. 지역별 이탈 신호를 확인하는 데 사용한다.,4108,15,3,12,0.2,0.8,20.0,80.0,processed\column_split_datasets\02_category_value_subsets\Billing_ZIP\zip_4108_churn.csv
청구 우편번호,고객 청구지 우편번호다. 지역별 이탈 신호를 확인하는 데 사용한다.,4021,10,2,8,0.2,0.8,20.0,80.0,processed\column_split_datasets\02_category_value_subsets\Billing_ZIP\zip_4021_churn.csv
청구 우편번호,고객 청구지 우편번호다. 지역별 이탈 신호를 확인하는 데 사용한다.,4581,10,2,8,0.2,0.8,20.0,80.0,processed\column_split_datasets\02_category_value_subsets\Billing_ZIP\zip_4581_churn.csv
청구 우편번호,고객 청구지 우편번호다. 지역별 이탈 신호를 확인하는 데 사용한다.,4241,5,1,4,0.2,0.8,20.0,80.0,processed\column_split_datasets\02_category_value_subsets\Billing_ZIP\zip_4241_churn.csv
청구 우편번호,고객 청구지 우편번호다. 지역별 이탈 신호를 확인하는 데 사용한다.,4800,22,4,18,0.18181818181818182,0.8181818181818182,18.181818181818183,81.81818181818183,processed\column_split_datasets\02_category_value_subsets\Billing_ZIP\zip_4800_churn.csv
청구 우편번호,고객 청구지 우편번호다. 지역별 이탈 신호를 확인하는 데 사용한다.,4770,6,1,5,0.16666666666666666,0.8333333333333334,16.666666666666664,83.33333333333334,processed\column_split_datasets\02_category_value_subsets\Billing_ZIP\zip_4770_churn.csv
청구 우편번호,고객 청구지 우편번호다. 지역별 이탈 신호를 확인하는 데 사용한다.,6140,6,1,5,0.16666666666666666,0.8333333333333334,16.666666666666664,83.33333333333334,processed\column_split_datasets\02_category_value_subsets\Billing_ZIP\zip_6140_churn.csv
청구 우편번호,고객 청구지 우편번호다. 지역별 이탈 신호를 확인하는 데 사용한다.,4107,7,1,6,0.14285714285714285,0.8571428571428571,14.285714285714285,85.71428571428571,processed\column_split_datasets\02_category_value_subsets\Billing_ZIP\zip_4107_churn.csv
청구 우편번호,고객 청구지 우편번호다. 지역별 이탈 신호를 확인하는 데 사용한다.,4137,7,1,6,0.14285714285714285,0.8571428571428571,14.285714285714285,85.71428571428571,processed\column_split_datasets\02_category_value_subsets\Billing_ZIP\zip_4137_churn.csv
청구 우편번호,고객 청구지 우편번호다. 지역별 이탈 신호를 확인하는 데 사용한다.,6490,7,1,6,0.14285714285714285,0.8571428571428571,14.285714285714285,85.71428571428571,processed\column_split_datasets\02_category_value_subsets\Billing_ZIP\zip_6490_churn.csv
청구 우편번호,고객 청구지 우편번호다. 지역별 이탈 신호를 확인하는 데 사용한다.,6750,7,1,6,0.14285714285714285,0.8571428571428571,14.285714285714285,85.71428571428571,processed\column_split_datasets\02_category_value_subsets\Billing_ZIP\zip_6750_churn.csv
청구 우편번호,고객 청구지 우편번호다. 지역별 이탈 신호를 확인하는 데 사용한다.,4210,47,6,41,0.1276595744680851,0.8723404255319149,12.76595744680851,87.2340425531915,processed\column_split_datasets\02_category_value_subsets\Billing_ZIP\zip_4210_churn.csv
청구 우편번호,고객 청구지 우편번호다. 지역별 이탈 신호를 확인하는 데 사용한다.,4001,40,5,35,0.125,0.875,12.5,87.5,processed\column_split_datasets\02_category_value_subsets\Billing_ZIP\zip_4001_churn.csv
청구 우편번호,고객 청구지 우편번호다. 지역별 이탈 신호를 확인하는 데 사용한다.,4850,40,5,35,0.125,0.875,12.5,87.5,processed\column_split_datasets\02_category_value_subsets\Billing_ZIP\zip_4850_churn.csv
청구 우편번호,고객 청구지 우편번호다. 지역별 이탈 신호를 확인하는 데 사용한다.,4204,8,1,7,0.125,0.875,12.5,87.5,processed\column_split_datasets\02_category_value_subsets\Billing_ZIP\zip_4204_churn.csv
청구 우편번호,고객 청구지 우편번호다. 지역별 이탈 신호를 확인하는 데 사용한다.,4530,8,1,7,0.125,0.875,12.5,87.5,processed\column_split_datasets\02_category_value_subsets\Billing_ZIP\zip_4530_churn.csv
청구 우편번호,고객 청구지 우편번호다. 지역별 이탈 신호를 확인하는 데 사용한다.,6003,8,1,7,0.125,0.875,12.5,87.5,processed\column_split_datasets\02_category_value_subsets\Billing_ZIP\zip_6003_churn.csv
청구 우편번호,고객 청구지 우편번호다. 지역별 이탈 신호를 확인하는 데 사용한다.,4017,17,2,15,0.11764705882352941,0.8823529411764706,11.76470588235294,88.23529411764706,processed\column_split_datasets\02_category_value_subsets\Billing_ZIP\zip_4017_churn.csv
청구 우편번호,고객 청구지 우편번호다. 지역별 이탈 신호를 확인하는 데 사용한다.,4110,17,2,15,0.11764705882352941,0.8823529411764706,11.76470588235294,88.23529411764706,processed\column_split_datasets\02_category_value_subsets\Billing_ZIP\zip_4110_churn.csv
청구 우편번호,고객 청구지 우편번호다. 지역별 이탈 신호를 확인하는 데 사용한다.,4015,18,2,16,0.1111111111111111,0.8888888888888888,11.11111111111111,88.88888888888889,processed\column_split_datasets\02_category_value_subsets\Billing_ZIP\zip_4015_churn.csv
청구 우편번호,고객 청구지 우편번호다. 지역별 이탈 신호를 확인하는 데 사용한다.,4030,9,1,8,0.1111111111111111,0.8888888888888888,11.11111111111111,88.88888888888889,processed\column_split_datasets\02_category_value_subsets\Billing_ZIP\zip_4030_churn.csv
청구 우편번호,고객 청구지 우편번호다. 지역별 이탈 신호를 확인하는 데 사용한다.,6570,9,1,8,0.1111111111111111,0.8888888888888888,11.11111111111111,88.88888888888889,processed\column_split_datasets\02_category_value_subsets\Billing_ZIP\zip_6570_churn.csv
청구 우편번호,고객 청구지 우편번호다. 지역별 이탈 신호를 확인하는 데 사용한다.,4006,57,6,51,0.10526315789473684,0.8947368421052632,10.526315789473683,89.47368421052632,processed\column_split_datasets\02_category_value_subsets\Billing_ZIP\zip_4006_churn.csv
청구 우편번호,고객 청구지 우편번호다. 지역별 이탈 신호를 확인하는 데 사용한다.,4199,19,2,17,0.10526315789473684,0.8947368421052632,10.526315789473683,89.47368421052632,processed\column_split_datasets\02_category_value_subsets\Billing_ZIP\zip_4199_churn.csv
청구 우편번호,고객 청구지 우편번호다. 지역별 이탈 신호를 확인하는 데 사용한다.,4013,10,1,9,0.1,0.9,10.0,90.0,processed\column_split_datasets\02_category_value_subsets\Billing_ZIP\zip_4013_churn.csv
청구 우편번호,고객 청구지 우편번호다. 지역별 이탈 신호를 확인하는 데 사용한다.,4124,10,1,9,0.1,0.9,10.0,90.0,processed\column_split_datasets\02_category_value_subsets\Billing_ZIP\zip_4124_churn.csv
청구 우편번호,고객 청구지 우편번호다. 지역별 이탈 신호를 확인하는 데 사용한다.,4218,10,1,9,0.1,0.9,10.0,90.0,processed\column_split_datasets\02_category_value_subsets\Billing_ZIP\zip_4218_churn.csv
청구 우편번호,고객 청구지 우편번호다. 지역별 이탈 신호를 확인하는 데 사용한다.,4409,10,1,9,0.1,0.9,10.0,90.0,processed\column_split_datasets\02_category_value_subsets\Billing_ZIP\zip_4409_churn.csv
청구 우편번호,고객 청구지 우편번호다. 지역별 이탈 신호를 확인하는 데 사용한다.,4230,244,24,220,0.09836065573770492,0.9016393442622951,9.836065573770492,90.1639344262295,processed\column_split_datasets\02_category_value_subsets\Billing_ZIP\zip_4230_churn.csv
청구 우편번호,고객 청구지 우편번호다. 지역별 이탈 신호를 확인하는 데 사용한다.,4600,115,11,104,0.09565217391304348,0.9043478260869565,9.565217391304348,90.43478260869566,processed\column_split_datasets\02_category_value_subsets\Billing_ZIP\zip_4600_churn.csv
청구 우편번호,고객 청구지 우편번호다. 지역별 이탈 신호를 확인하는 데 사용한다.,6260,43,4,39,0.09302325581395349,0.9069767441860465,9.30232558139535,90.69767441860465,processed\column_split_datasets\02_category_value_subsets\Billing_ZIP\zip_6260_churn.csv
청구 우편번호,고객 청구지 우편번호다. 지역별 이탈 신호를 확인하는 데 사용한다.,4700,184,17,167,0.09239130434782608,0.907608695652174,9.239130434782608,90.76086956521739,processed\column_split_datasets\02_category_value_subsets\Billing_ZIP\zip_4700_churn.csv
청구 우편번호,고객 청구지 우편번호다. 지역별 이탈 신호를 확인하는 데 사용한다.,6800,33,3,30,0.09090909090909091,0.9090909090909091,9.090909090909092,90.9090909090909,processed\column_split_datasets\02_category_value_subsets\Billing_ZIP\zip_6800_churn.csv
청구 우편번호,고객 청구지 우편번호다. 지역별 이탈 신호를 확인하는 데 사용한다.,4224,11,1,10,0.09090909090909091,0.9090909090909091,9.090909090909092,90.9090909090909,processed\column_split_datasets\02_category_value_subsets\Billing_ZIP\zip_4224_churn.csv
청구 우편번호,고객 청구지 우편번호다. 지역별 이탈 신호를 확인하는 데 사용한다.,4579,11,1,10,0.09090909090909091,0.9090909090909091,9.090909090909092,90.9090909090909,processed\column_split_datasets\02_category_value_subsets\Billing_ZIP\zip_4579_churn.csv
청구 우편번호,고객 청구지 우편번호다. 지역별 이탈 신호를 확인하는 데 사용한다.,8900,11,1,10,0.09090909090909091,0.9090909090909091,9.090909090909092,90.9090909090909,processed\column_split_datasets\02_category_value_subsets\Billing_ZIP\zip_8900_churn.csv
청구 우편번호,고객 청구지 우편번호다. 지역별 이탈 신호를 확인하는 데 사용한다.,4330,23,2,21,0.08695652173913043,0.9130434782608695,8.695652173913043,91.30434782608695,processed\column_split_datasets\02_category_value_subsets\Billing_ZIP\zip_4330_churn.csv
청구 우편번호,고객 청구지 우편번호다. 지역별 이탈 신호를 확인하는 데 사용한다.,6450,85,7,78,0.08235294117647059,0.9176470588235294,8.235294117647058,91.76470588235294,processed\column_split_datasets\02_category_value_subsets\Billing_ZIP\zip_6450_churn.csv
청구 우편번호,고객 청구지 우편번호다. 지역별 이탈 신호를 확인하는 데 사용한다.,4580,13,1,12,0.07692307692307693,0.9230769230769231,7.6923076923076925,92.3076923076923,processed\column_split_datasets\02_category_value_subsets\Billing_ZIP\zip_4580_churn.csv
청구 우편번호,고객 청구지 우편번호다. 지역별 이탈 신호를 확인하는 데 사용한다.,4004,310,23,287,0.07419354838709677,0.9258064516129032,7.419354838709677,92.58064516129032,processed\column_split_datasets\02_category_value_subsets\Billing_ZIP\zip_4004_churn.csv
청구 우편번호,고객 청구지 우편번호다. 지역별 이탈 신호를 확인하는 데 사용한다.,6600,232,17,215,0.07327586206896551,0.9267241379310345,7.327586206896551,92.67241379310344,processed\column_split_datasets\02_category_value_subsets\Billing_ZIP\zip_6600_churn.csv
청구 우편번호,고객 청구지 우편번호다. 지역별 이탈 신호를 확인하는 데 사용한다.,4000,1606,113,1493,0.07036114570361146,0.9296388542963886,7.036114570361146,92.96388542963886,processed\column_split_datasets\02_category_value_subsets\Billing_ZIP\zip_4000_churn.csv
청구 우편번호,고객 청구지 우편번호다. 지역별 이탈 신호를 확인하는 데 사용한다.,4002,303,21,282,0.06930693069306931,0.9306930693069307,6.9306930693069315,93.06930693069307,processed\column_split_datasets\02_category_value_subsets\Billing_ZIP\zip_4002_churn.csv
청구 우편번호,고객 청구지 우편번호다. 지역별 이탈 신호를 확인하는 데 사용한다.,6300,338,23,315,0.06804733727810651,0.9319526627218935,6.804733727810651,93.19526627218934,processed\column_split_datasets\02_category_value_subsets\Billing_ZIP\zip_6300_churn.csv
청구 우편번호,고객 청구지 우편번호다. 지역별 이탈 신호를 확인하는 데 사용한다.,4180,30,2,28,0.06666666666666667,0.9333333333333333,6.666666666666667,93.33333333333333,processed\column_split_datasets\02_category_value_subsets\Billing_ZIP\zip_4180_churn.csv
청구 우편번호,고객 청구지 우편번호다. 지역별 이탈 신호를 확인하는 데 사용한다.,4400,467,29,438,0.06209850107066381,0.9379014989293362,6.209850107066381,93.79014989293361,processed\column_split_datasets\02_category_value_subsets\Billing_ZIP\zip_4400_churn.csv
청구 우편번호,고객 청구지 우편번호다. 지역별 이탈 신호를 확인하는 데 사용한다.,4003,400,23,377,0.0575,0.9425,5.75,94.25,processed\column_split_datasets\02_category_value_subsets\Billing_ZIP\zip_4003_churn.csv
청구 우편번호,고객 청구지 우편번호다. 지역별 이탈 신호를 확인하는 데 사용한다.,4150,71,4,67,0.056338028169014086,0.9436619718309859,5.633802816901409,94.36619718309859,processed\column_split_datasets\02_category_value_subsets\Billing_ZIP\zip_4150_churn.csv
청구 우편번호,고객 청구지 우편번호다. 지역별 이탈 신호를 확인하는 데 사용한다.,4470,18,1,17,0.05555555555555555,0.9444444444444444,5.555555555555555,94.44444444444444,processed\column_split_datasets\02_category_value_subsets\Billing_ZIP\zip_4470_churn.csv
청구 우편번호,고객 청구지 우편번호다. 지역별 이탈 신호를 확인하는 데 사용한다.,4500,94,5,89,0.05319148936170213,0.9468085106382979,5.319148936170213,94.68085106382979,processed\column_split_datasets\02_category_value_subsets\Billing_ZIP\zip_4500_churn.csv
청구 우편번호,고객 청구지 우편번호다. 지역별 이탈 신호를 확인하는 데 사용한다.,6000,1142,58,1084,0.050788091068301226,0.9492119089316988,5.078809106830122,94.92119089316988,processed\column_split_datasets\02_category_value_subsets\Billing_ZIP\zip_6000_churn.csv
청구 우편번호,고객 청구지 우편번호다. 지역별 이탈 신호를 확인하는 데 사용한다.,4640,21,1,20,0.047619047619047616,0.9523809523809523,4.761904761904762,95.23809523809523,processed\column_split_datasets\02_category_value_subsets\Billing_ZIP\zip_4640_churn.csv
청구 우편번호,고객 청구지 우편번호다. 지역별 이탈 신호를 확인하는 데 사용한다.,4300,132,6,126,0.045454545454545456,0.9545454545454546,4.545454545454546,95.45454545454545,processed\column_split_datasets\02_category_value_subsets\Billing_ZIP\zip_4300_churn.csv
청구 우편번호,고객 청구지 우편번호다. 지역별 이탈 신호를 확인하는 데 사용한다.,4101,22,1,21,0.045454545454545456,0.9545454545454546,4.545454545454546,95.45454545454545,processed\column_split_datasets\02_category_value_subsets\Billing_ZIP\zip_4101_churn.csv
청구 우편번호,고객 청구지 우편번호다. 지역별 이탈 신호를 확인하는 데 사용한다.,4220,26,1,25,0.038461538461538464,0.9615384615384616,3.8461538461538463,96.15384615384616,processed\column_split_datasets\02_category_value_subsets\Billing_ZIP\zip_4220_churn.csv
청구 우편번호,고객 청구지 우편번호다. 지역별 이탈 신호를 확인하는 데 사용한다.,4023,262,10,252,0.03816793893129771,0.9618320610687023,3.816793893129771,96.18320610687023,processed\column_split_datasets\02_category_value_subsets\Billing_ZIP\zip_4023_churn.csv
청구 우편번호,고객 청구지 우편번호다. 지역별 이탈 신호를 확인하는 데 사용한다.,6400,237,9,228,0.0379746835443038,0.9620253164556962,3.79746835443038,96.20253164556962,processed\column_split_datasets\02_category_value_subsets\Billing_ZIP\zip_6400_churn.csv
청구 우편번호,고객 청구지 우편번호다. 지역별 이탈 신호를 확인하는 데 사용한다.,6100,257,9,248,0.03501945525291829,0.9649805447470817,3.501945525291829,96.49805447470817,processed\column_split_datasets\02_category_value_subsets\Billing_ZIP\zip_6100_churn.csv
청구 우편번호,고객 청구지 우편번호다. 지역별 이탈 신호를 확인하는 데 사용한다.,6200,32,1,31,0.03125,0.96875,3.125,96.875,processed\column_split_datasets\02_category_value_subsets\Billing_ZIP\zip_6200_churn.csv
청구 우편번호,고객 청구지 우편번호다. 지역별 이탈 신호를 확인하는 데 사용한다.,4020,35,1,34,0.02857142857142857,0.9714285714285714,2.857142857142857,97.14285714285714,processed\column_split_datasets\02_category_value_subsets\Billing_ZIP\zip_4020_churn.csv
청구 우편번호,고객 청구지 우편번호다. 지역별 이탈 신호를 확인하는 데 사용한다.,4270,73,2,71,0.0273972602739726,0.9726027397260274,2.73972602739726,97.26027397260275,processed\column_split_datasets\02_category_value_subsets\Billing_ZIP\zip_4270_churn.csv
청구 우편번호,고객 청구지 우편번호다. 지역별 이탈 신호를 확인하는 데 사용한다.,6500,96,1,95,0.010416666666666666,0.9895833333333334,1.0416666666666665,98.95833333333334,processed\column_split_datasets\02_category_value_subsets\Billing_ZIP\zip_6500_churn.csv
청구 우편번호,고객 청구지 우편번호다. 지역별 이탈 신호를 확인하는 데 사용한다.,4550,46,0,46,0.0,1.0,0.0,100.0,processed\column_split_datasets\02_category_value_subsets\Billing_ZIP\zip_4550_churn.csv
청구 우편번호,고객 청구지 우편번호다. 지역별 이탈 신호를 확인하는 데 사용한다.,6550,23,0,23,0.0,1.0,0.0,100.0,processed\column_split_datasets\02_category_value_subsets\Billing_ZIP\zip_6550_churn.csv
청구 우편번호,고객 청구지 우편번호다. 지역별 이탈 신호를 확인하는 데 사용한다.,4190,21,0,21,0.0,1.0,0.0,100.0,processed\column_split_datasets\02_category_value_subsets\Billing_ZIP\zip_4190_churn.csv
청구 우편번호,고객 청구지 우편번호다. 지역별 이탈 신호를 확인하는 데 사용한다.,4980,21,0,21,0.0,1.0,0.0,100.0,processed\column_split_datasets\02_category_value_subsets\Billing_ZIP\zip_4980_churn.csv
청구 우편번호,고객 청구지 우편번호다. 지역별 이탈 신호를 확인하는 데 사용한다.,6280,21,0,21,0.0,1.0,0.0,100.0,processed\column_split_datasets\02_category_value_subsets\Billing_ZIP\zip_6280_churn.csv
청구 우편번호,고객 청구지 우편번호다. 지역별 이탈 신호를 확인하는 데 사용한다.,4490,19,0,19,0.0,1.0,0.0,100.0,processed\column_split_datasets\02_category_value_subsets\Billing_ZIP\zip_4490_churn.csv
청구 우편번호,고객 청구지 우편번호다. 지역별 이탈 신호를 확인하는 데 사용한다.,4016,16,0,16,0.0,1.0,0.0,100.0,processed\column_split_datasets\02_category_value_subsets\Billing_ZIP\zip_4016_churn.csv
청구 우편번호,고객 청구지 우편번호다. 지역별 이탈 신호를 확인하는 데 사용한다.,4147,15,0,15,0.0,1.0,0.0,100.0,processed\column_split_datasets\02_category_value_subsets\Billing_ZIP\zip_4147_churn.csv
청구 우편번호,고객 청구지 우편번호다. 지역별 이탈 신호를 확인하는 데 사용한다.,4225,15,0,15,0.0,1.0,0.0,100.0,processed\column_split_datasets\02_category_value_subsets\Billing_ZIP\zip_4225_churn.csv
청구 우편번호,고객 청구지 우편번호다. 지역별 이탈 신호를 확인하는 데 사용한다.,6304,13,0,13,0.0,1.0,0.0,100.0,processed\column_split_datasets\02_category_value_subsets\Billing_ZIP\zip_6304_churn.csv
청구 우편번호,고객 청구지 우편번호다. 지역별 이탈 신호를 확인하는 데 사용한다.,4960,10,0,10,0.0,1.0,0.0,100.0,processed\column_split_datasets\02_category_value_subsets\Billing_ZIP\zip_4960_churn.csv
청구 우편번호,고객 청구지 우편번호다. 지역별 이탈 신호를 확인하는 데 사용한다.,4027,8,0,8,0.0,1.0,0.0,100.0,processed\column_split_datasets\02_category_value_subsets\Billing_ZIP\zip_4027_churn.csv
청구 우편번호,고객 청구지 우편번호다. 지역별 이탈 신호를 확인하는 데 사용한다.,4130,8,0,8,0.0,1.0,0.0,100.0,processed\column_split_datasets\02_category_value_subsets\Billing_ZIP\zip_4130_churn.csv
청구 우편번호,고객 청구지 우편번호다. 지역별 이탈 신호를 확인하는 데 사용한다.,4172,8,0,8,0.0,1.0,0.0,100.0,processed\column_split_datasets\02_category_value_subsets\Billing_ZIP\zip_4172_churn.csv
청구 우편번호,고객 청구지 우편번호다. 지역별 이탈 신호를 확인하는 데 사용한다.,4360,8,0,8,0.0,1.0,0.0,100.0,processed\column_split_datasets\02_category_value_subsets\Billing_ZIP\zip_4360_churn.csv
청구 우편번호,고객 청구지 우편번호다. 지역별 이탈 신호를 확인하는 데 사용한다.,4407,8,0,8,0.0,1.0,0.0,100.0,processed\column_split_datasets\02_category_value_subsets\Billing_ZIP\zip_4407_churn.csv
청구 우편번호,고객 청구지 우편번호다. 지역별 이탈 신호를 확인하는 데 사용한다.,4990,8,0,8,0.0,1.0,0.0,100.0,processed\column_split_datasets\02_category_value_subsets\Billing_ZIP\zip_4990_churn.csv
청구 우편번호,고객 청구지 우편번호다. 지역별 이탈 신호를 확인하는 데 사용한다.,1000,7,0,7,0.0,1.0,0.0,100.0,processed\column_split_datasets\02_category_value_subsets\Billing_ZIP\zip_1000_churn.csv
청구 우편번호,고객 청구지 우편번호다. 지역별 이탈 신호를 확인하는 데 사용한다.,4112,7,0,7,0.0,1.0,0.0,100.0,processed\column_split_datasets\02_category_value_subsets\Billing_ZIP\zip_4112_churn.csv
청구 우편번호,고객 청구지 우편번호다. 지역별 이탈 신호를 확인하는 데 사용한다.,4135,7,0,7,0.0,1.0,0.0,100.0,processed\column_split_datasets\02_category_value_subsets\Billing_ZIP\zip_4135_churn.csv
청구 우편번호,고객 청구지 우편번호다. 지역별 이탈 신호를 확인하는 데 사용한다.,4142,7,0,7,0.0,1.0,0.0,100.0,processed\column_split_datasets\02_category_value_subsets\Billing_ZIP\zip_4142_churn.csv
청구 우편번호,고객 청구지 우편번호다. 지역별 이탈 신호를 확인하는 데 사용한다.,4197,7,0,7,0.0,1.0,0.0,100.0,processed\column_split_datasets\02_category_value_subsets\Billing_ZIP\zip_4197_churn.csv
청구 우편번호,고객 청구지 우편번호다. 지역별 이탈 신호를 확인하는 데 사용한다.,6001,7,0,7,0.0,1.0,0.0,100.0,processed\column_split_datasets\02_category_value_subsets\Billing_ZIP\zip_6001_churn.csv
청구 우편번호,고객 청구지 우편번호다. 지역별 이탈 신호를 확인하는 데 사용한다.,1505,6,0,6,0.0,1.0,0.0,100.0,processed\column_split_datasets\02_category_value_subsets\Billing_ZIP\zip_1505_churn.csv
청구 우편번호,고객 청구지 우편번호다. 지역별 이탈 신호를 확인하는 데 사용한다.,4173,6,0,6,0.0,1.0,0.0,100.0,processed\column_split_datasets\02_category_value_subsets\Billing_ZIP\zip_4173_churn.csv
청구 우편번호,고객 청구지 우편번호다. 지역별 이탈 신호를 확인하는 데 사용한다.,4824,6,0,6,0.0,1.0,0.0,100.0,processed\column_split_datasets\02_category_value_subsets\Billing_ZIP\zip_4824_churn.csv
청구 우편번호,고객 청구지 우편번호다. 지역별 이탈 신호를 확인하는 데 사용한다.,4900,6,0,6,0.0,1.0,0.0,100.0,processed\column_split_datasets\02_category_value_subsets\Billing_ZIP\zip_4900_churn.csv
청구 우편번호,고객 청구지 우편번호다. 지역별 이탈 신호를 확인하는 데 사용한다.,4940,6,0,6,0.0,1.0,0.0,100.0,processed\column_split_datasets\02_category_value_subsets\Billing_ZIP\zip_4940_churn.csv
청구 우편번호,고객 청구지 우편번호다. 지역별 이탈 신호를 확인하는 데 사용한다.,6180,6,0,6,0.0,1.0,0.0,100.0,processed\column_split_datasets\02_category_value_subsets\Billing_ZIP\zip_6180_churn.csv
청구 우편번호,고객 청구지 우편번호다. 지역별 이탈 신호를 확인하는 데 사용한다.,4260,5,0,5,0.0,1.0,0.0,100.0,processed\column_split_datasets\02_category_value_subsets\Billing_ZIP\zip_4260_churn.csv
청구 우편번호,고객 청구지 우편번호다. 지역별 이탈 신호를 확인하는 데 사용한다.,4285,5,0,5,0.0,1.0,0.0,100.0,processed\column_split_datasets\02_category_value_subsets\Billing_ZIP\zip_4285_churn.csv
청구 우편번호,고객 청구지 우편번호다. 지역별 이탈 신호를 확인하는 데 사용한다.,4340,5,0,5,0.0,1.0,0.0,100.0,processed\column_split_datasets\02_category_value_subsets\Billing_ZIP\zip_4340_churn.csv
청구 우편번호,고객 청구지 우편번호다. 지역별 이탈 신호를 확인하는 데 사용한다.,4370,5,0,5,0.0,1.0,0.0,100.0,processed\column_split_datasets\02_category_value_subsets\Billing_ZIP\zip_4370_churn.csv
청구 우편번호,고객 청구지 우편번호다. 지역별 이탈 신호를 확인하는 데 사용한다.,4412,5,0,5,0.0,1.0,0.0,100.0,processed\column_split_datasets\02_category_value_subsets\Billing_ZIP\zip_4412_churn.csv
청구 우편번호,고객 청구지 우편번호다. 지역별 이탈 신호를 확인하는 데 사용한다.,4492,5,0,5,0.0,1.0,0.0,100.0,processed\column_split_datasets\02_category_value_subsets\Billing_ZIP\zip_4492_churn.csv
청구 우편번호,고객 청구지 우편번호다. 지역별 이탈 신호를 확인하는 데 사용한다.,4820,5,0,5,0.0,1.0,0.0,100.0,processed\column_split_datasets\02_category_value_subsets\Billing_ZIP\zip_4820_churn.csv
청구 우편번호,고객 청구지 우편번호다. 지역별 이탈 신호를 확인하는 데 사용한다.,4987,5,0,5,0.0,1.0,0.0,100.0,processed\column_split_datasets\02_category_value_subsets\Billing_ZIP\zip_4987_churn.csv
청구 우편번호,고객 청구지 우편번호다. 지역별 이탈 신호를 확인하는 데 사용한다.,6010,5,0,5,0.0,1.0,0.0,100.0,processed\column_split_datasets\02_category_value_subsets\Billing_ZIP\zip_6010_churn.csv
청구 우편번호,고객 청구지 우편번호다. 지역별 이탈 신호를 확인하는 데 사용한다.,6138,5,0,5,0.0,1.0,0.0,100.0,processed\column_split_datasets\02_category_value_subsets\Billing_ZIP\zip_6138_churn.csv
청구 우편번호,고객 청구지 우편번호다. 지역별 이탈 신호를 확인하는 데 사용한다.,6155,5,0,5,0.0,1.0,0.0,100.0,processed\column_split_datasets\02_category_value_subsets\Billing_ZIP\zip_6155_churn.csv
청구 우편번호,고객 청구지 우편번호다. 지역별 이탈 신호를 확인하는 데 사용한다.,6770,5,0,5,0.0,1.0,0.0,100.0,processed\column_split_datasets\02_category_value_subsets\Billing_ZIP\zip_6770_churn.csv
청구 우편번호,고객 청구지 우편번호다. 지역별 이탈 신호를 확인하는 데 사용한다.,4121,4,0,4,0.0,1.0,0.0,100.0,processed\column_split_datasets\02_category_value_subsets\Billing_ZIP\zip_4121_churn.csv
청구 우편번호,고객 청구지 우편번호다. 지역별 이탈 신호를 확인하는 데 사용한다.,4122,4,0,4,0.0,1.0,0.0,100.0,processed\column_split_datasets\02_category_value_subsets\Billing_ZIP\zip_4122_churn.csv
청구 우편번호,고객 청구지 우편번호다. 지역별 이탈 신호를 확인하는 데 사용한다.,4140,4,0,4,0.0,1.0,0.0,100.0,processed\column_split_datasets\02_category_value_subsets\Billing_ZIP\zip_4140_churn.csv
청구 우편번호,고객 청구지 우편번호다. 지역별 이탈 신호를 확인하는 데 사용한다.,4223,4,0,4,0.0,1.0,0.0,100.0,processed\column_split_datasets\02_category_value_subsets\Billing_ZIP\zip_4223_churn.csv
청구 우편번호,고객 청구지 우편번호다. 지역별 이탈 신호를 확인하는 데 사용한다.,4349,4,0,4,0.0,1.0,0.0,100.0,processed\column_split_datasets\02_category_value_subsets\Billing_ZIP\zip_4349_churn.csv
청구 우편번호,고객 청구지 우편번호다. 지역별 이탈 신호를 확인하는 데 사용한다.,4442,4,0,4,0.0,1.0,0.0,100.0,processed\column_split_datasets\02_category_value_subsets\Billing_ZIP\zip_4442_churn.csv
청구 우편번호,고객 청구지 우편번호다. 지역별 이탈 신호를 확인하는 데 사용한다.,4455,4,0,4,0.0,1.0,0.0,100.0,processed\column_split_datasets\02_category_value_subsets\Billing_ZIP\zip_4455_churn.csv
청구 우편번호,고객 청구지 우편번호다. 지역별 이탈 신호를 확인하는 데 사용한다.,4870,4,0,4,0.0,1.0,0.0,100.0,processed\column_split_datasets\02_category_value_subsets\Billing_ZIP\zip_4870_churn.csv
청구 우편번호,고객 청구지 우편번호다. 지역별 이탈 신호를 확인하는 데 사용한다.,6014,4,0,4,0.0,1.0,0.0,100.0,processed\column_split_datasets\02_category_value_subsets\Billing_ZIP\zip_6014_churn.csv
청구 우편번호,고객 청구지 우편번호다. 지역별 이탈 신호를 확인하는 데 사용한다.,6060,4,0,4,0.0,1.0,0.0,100.0,processed\column_split_datasets\02_category_value_subsets\Billing_ZIP\zip_6060_churn.csv
청구 우편번호,고객 청구지 우편번호다. 지역별 이탈 신호를 확인하는 데 사용한다.,6065,4,0,4,0.0,1.0,0.0,100.0,processed\column_split_datasets\02_category_value_subsets\Billing_ZIP\zip_6065_churn.csv
청구 우편번호,고객 청구지 우편번호다. 지역별 이탈 신호를 확인하는 데 사용한다.,6163,4,0,4,0.0,1.0,0.0,100.0,processed\column_split_datasets\02_category_value_subsets\Billing_ZIP\zip_6163_churn.csv
청구 우편번호,고객 청구지 우편번호다. 지역별 이탈 신호를 확인하는 데 사용한다.,6199,4,0,4,0.0,1.0,0.0,100.0,processed\column_split_datasets\02_category_value_subsets\Billing_ZIP\zip_6199_churn.csv
청구 우편번호,고객 청구지 우편번호다. 지역별 이탈 신호를 확인하는 데 사용한다.,6362,4,0,4,0.0,1.0,0.0,100.0,processed\column_split_datasets\02_category_value_subsets\Billing_ZIP\zip_6362_churn.csv
청구 우편번호,고객 청구지 우편번호다. 지역별 이탈 신호를 확인하는 데 사용한다.,6489,4,0,4,0.0,1.0,0.0,100.0,processed\column_split_datasets\02_category_value_subsets\Billing_ZIP\zip_6489_churn.csv
청구 우편번호,고객 청구지 우편번호다. 지역별 이탈 신호를 확인하는 데 사용한다.,6850,4,0,4,0.0,1.0,0.0,100.0,processed\column_split_datasets\02_category_value_subsets\Billing_ZIP\zip_6850_churn.csv
청구 우편번호,고객 청구지 우편번호다. 지역별 이탈 신호를 확인하는 데 사용한다.,1404,3,0,3,0.0,1.0,0.0,100.0,processed\column_split_datasets\02_category_value_subsets\Billing_ZIP\zip_1404_churn.csv
청구 우편번호,고객 청구지 우편번호다. 지역별 이탈 신호를 확인하는 데 사용한다.,1421,3,0,3,0.0,1.0,0.0,100.0,processed\column_split_datasets\02_category_value_subsets\Billing_ZIP\zip_1421_churn.csv
청구 우편번호,고객 청구지 우편번호다. 지역별 이탈 신호를 확인하는 데 사용한다.,4008,3,0,3,0.0,1.0,0.0,100.0,processed\column_split_datasets\02_category_value_subsets\Billing_ZIP\zip_4008_churn.csv
청구 우편번호,고객 청구지 우편번호다. 지역별 이탈 신호를 확인하는 데 사용한다.,4019,3,0,3,0.0,1.0,0.0,100.0,processed\column_split_datasets\02_category_value_subsets\Billing_ZIP\zip_4019_churn.csv
청구 우편번호,고객 청구지 우편번호다. 지역별 이탈 신호를 확인하는 데 사용한다.,4113,3,0,3,0.0,1.0,0.0,100.0,processed\column_split_datasets\02_category_value_subsets\Billing_ZIP\zip_4113_churn.csv
청구 우편번호,고객 청구지 우편번호다. 지역별 이탈 신호를 확인하는 데 사용한다.,4134,3,0,3,0.0,1.0,0.0,100.0,processed\column_split_datasets\02_category_value_subsets\Billing_ZIP\zip_4134_churn.csv
청구 우편번호,고객 청구지 우편번호다. 지역별 이탈 신호를 확인하는 데 사용한다.,4144,3,0,3,0.0,1.0,0.0,100.0,processed\column_split_datasets\02_category_value_subsets\Billing_ZIP\zip_4144_churn.csv
청구 우편번호,고객 청구지 우편번호다. 지역별 이탈 신호를 확인하는 데 사용한다.,4202,3,0,3,0.0,1.0,0.0,100.0,processed\column_split_datasets\02_category_value_subsets\Billing_ZIP\zip_4202_churn.csv
청구 우편번호,고객 청구지 우편번호다. 지역별 이탈 신호를 확인하는 데 사용한다.,4228,3,0,3,0.0,1.0,0.0,100.0,processed\column_split_datasets\02_category_value_subsets\Billing_ZIP\zip_4228_churn.csv
청구 우편번호,고객 청구지 우편번호다. 지역별 이탈 신호를 확인하는 데 사용한다.,4231,3,0,3,0.0,1.0,0.0,100.0,processed\column_split_datasets\02_category_value_subsets\Billing_ZIP\zip_4231_churn.csv
청구 우편번호,고객 청구지 우편번호다. 지역별 이탈 신호를 확인하는 데 사용한다.,4271,3,0,3,0.0,1.0,0.0,100.0,processed\column_split_datasets\02_category_value_subsets\Billing_ZIP\zip_4271_churn.csv
청구 우편번호,고객 청구지 우편번호다. 지역별 이탈 신호를 확인하는 데 사용한다.,4288,3,0,3,0.0,1.0,0.0,100.0,processed\column_split_datasets\02_category_value_subsets\Billing_ZIP\zip_4288_churn.csv
청구 우편번호,고객 청구지 우편번호다. 지역별 이탈 신호를 확인하는 데 사용한다.,4364,3,0,3,0.0,1.0,0.0,100.0,processed\column_split_datasets\02_category_value_subsets\Billing_ZIP\zip_4364_churn.csv
청구 우편번호,고객 청구지 우편번호다. 지역별 이탈 신호를 확인하는 데 사용한다.,4469,3,0,3,0.0,1.0,0.0,100.0,processed\column_split_datasets\02_category_value_subsets\Billing_ZIP\zip_4469_churn.csv
청구 우편번호,고객 청구지 우편번호다. 지역별 이탈 신호를 확인하는 데 사용한다.,4522,3,0,3,0.0,1.0,0.0,100.0,processed\column_split_datasets\02_category_value_subsets\Billing_ZIP\zip_4522_churn.csv
청구 우편번호,고객 청구지 우편번호다. 지역별 이탈 신호를 확인하는 데 사용한다.,4641,3,0,3,0.0,1.0,0.0,100.0,processed\column_split_datasets\02_category_value_subsets\Billing_ZIP\zip_4641_churn.csv
청구 우편번호,고객 청구지 우편번호다. 지역별 이탈 신호를 확인하는 데 사용한다.,4702,3,0,3,0.0,1.0,0.0,100.0,processed\column_split_datasets\02_category_value_subsets\Billing_ZIP\zip_4702_churn.csv
청구 우편번호,고객 청구지 우편번호다. 지역별 이탈 신호를 확인하는 데 사용한다.,4710,3,0,3,0.0,1.0,0.0,100.0,processed\column_split_datasets\02_category_value_subsets\Billing_ZIP\zip_4710_churn.csv
청구 우편번호,고객 청구지 우편번호다. 지역별 이탈 신호를 확인하는 데 사용한다.,4835,3,0,3,0.0,1.0,0.0,100.0,processed\column_split_datasets\02_category_value_subsets\Billing_ZIP\zip_4835_churn.csv
청구 우편번호,고객 청구지 우편번호다. 지역별 이탈 신호를 확인하는 데 사용한다.,4872,3,0,3,0.0,1.0,0.0,100.0,processed\column_split_datasets\02_category_value_subsets\Billing_ZIP\zip_4872_churn.csv
청구 우편번호,고객 청구지 우편번호다. 지역별 이탈 신호를 확인하는 데 사용한다.,4985,3,0,3,0.0,1.0,0.0,100.0,processed\column_split_datasets\02_category_value_subsets\Billing_ZIP\zip_4985_churn.csv
청구 우편번호,고객 청구지 우편번호다. 지역별 이탈 신호를 확인하는 데 사용한다.,6002,3,0,3,0.0,1.0,0.0,100.0,processed\column_split_datasets\02_category_value_subsets\Billing_ZIP\zip_6002_churn.csv
청구 우편번호,고객 청구지 우편번호다. 지역별 이탈 신호를 확인하는 데 사용한다.,6004,3,0,3,0.0,1.0,0.0,100.0,processed\column_split_datasets\02_category_value_subsets\Billing_ZIP\zip_6004_churn.csv
청구 우편번호,고객 청구지 우편번호다. 지역별 이탈 신호를 확인하는 데 사용한다.,6006,3,0,3,0.0,1.0,0.0,100.0,processed\column_split_datasets\02_category_value_subsets\Billing_ZIP\zip_6006_churn.csv
청구 우편번호,고객 청구지 우편번호다. 지역별 이탈 신호를 확인하는 데 사용한다.,6062,3,0,3,0.0,1.0,0.0,100.0,processed\column_split_datasets\02_category_value_subsets\Billing_ZIP\zip_6062_churn.csv
청구 우편번호,고객 청구지 우편번호다. 지역별 이탈 신호를 확인하는 데 사용한다.,6142,3,0,3,0.0,1.0,0.0,100.0,processed\column_split_datasets\02_category_value_subsets\Billing_ZIP\zip_6142_churn.csv
청구 우편번호,고객 청구지 우편번호다. 지역별 이탈 신호를 확인하는 데 사용한다.,6159,3,0,3,0.0,1.0,0.0,100.0,processed\column_split_datasets\02_category_value_subsets\Billing_ZIP\zip_6159_churn.csv
청구 우편번호,고객 청구지 우편번호다. 지역별 이탈 신호를 확인하는 데 사용한다.,6190,3,0,3,0.0,1.0,0.0,100.0,processed\column_split_datasets\02_category_value_subsets\Billing_ZIP\zip_6190_churn.csv
청구 우편번호,고객 청구지 우편번호다. 지역별 이탈 신호를 확인하는 데 사용한다.,6301,3,0,3,0.0,1.0,0.0,100.0,processed\column_split_datasets\02_category_value_subsets\Billing_ZIP\zip_6301_churn.csv
청구 우편번호,고객 청구지 우편번호다. 지역별 이탈 신호를 확인하는 데 사용한다.,6363,3,0,3,0.0,1.0,0.0,100.0,processed\column_split_datasets\02_category_value_subsets\Billing_ZIP\zip_6363_churn.csv
청구 우편번호,고객 청구지 우편번호다. 지역별 이탈 신호를 확인하는 데 사용한다.,6437,3,0,3,0.0,1.0,0.0,100.0,processed\column_split_datasets\02_category_value_subsets\Billing_ZIP\zip_6437_churn.csv
청구 우편번호,고객 청구지 우편번호다. 지역별 이탈 신호를 확인하는 데 사용한다.,6563,3,0,3,0.0,1.0,0.0,100.0,processed\column_split_datasets\02_category_value_subsets\Billing_ZIP\zip_6563_churn.csv
청구 우편번호,고객 청구지 우편번호다. 지역별 이탈 신호를 확인하는 데 사용한다.,6690,3,0,3,0.0,1.0,0.0,100.0,processed\column_split_datasets\02_category_value_subsets\Billing_ZIP\zip_6690_churn.csv
청구 우편번호,고객 청구지 우편번호다. 지역별 이탈 신호를 확인하는 데 사용한다.,6701,3,0,3,0.0,1.0,0.0,100.0,processed\column_split_datasets\02_category_value_subsets\Billing_ZIP\zip_6701_churn.csv
청구 우편번호,고객 청구지 우편번호다. 지역별 이탈 신호를 확인하는 데 사용한다.,6890,3,0,3,0.0,1.0,0.0,100.0,processed\column_split_datasets\02_category_value_subsets\Billing_ZIP\zip_6890_churn.csv
청구 우편번호,고객 청구지 우편번호다. 지역별 이탈 신호를 확인하는 데 사용한다.,1142,2,0,2,0.0,1.0,0.0,100.0,processed\column_split_datasets\02_category_value_subsets\Billing_ZIP\zip_1142_churn.csv
청구 우편번호,고객 청구지 우편번호다. 지역별 이탈 신호를 확인하는 데 사용한다.,1618,2,0,2,0.0,1.0,0.0,100.0,processed\column_split_datasets\02_category_value_subsets\Billing_ZIP\zip_1618_churn.csv
청구 우편번호,고객 청구지 우편번호다. 지역별 이탈 신호를 확인하는 데 사용한다.,4009,2,0,2,0.0,1.0,0.0,100.0,processed\column_split_datasets\02_category_value_subsets\Billing_ZIP\zip_4009_churn.csv
청구 우편번호,고객 청구지 우편번호다. 지역별 이탈 신호를 확인하는 데 사용한다.,4111,2,0,2,0.0,1.0,0.0,100.0,processed\column_split_datasets\02_category_value_subsets\Billing_ZIP\zip_4111_churn.csv
청구 우편번호,고객 청구지 우편번호다. 지역별 이탈 신호를 확인하는 데 사용한다.,4114,2,0,2,0.0,1.0,0.0,100.0,processed\column_split_datasets\02_category_value_subsets\Billing_ZIP\zip_4114_churn.csv
청구 우편번호,고객 청구지 우편번호다. 지역별 이탈 신호를 확인하는 데 사용한다.,4120,2,0,2,0.0,1.0,0.0,100.0,processed\column_split_datasets\02_category_value_subsets\Billing_ZIP\zip_4120_churn.csv
청구 우편번호,고객 청구지 우편번호다. 지역별 이탈 신호를 확인하는 데 사용한다.,4127,2,0,2,0.0,1.0,0.0,100.0,processed\column_split_datasets\02_category_value_subsets\Billing_ZIP\zip_4127_churn.csv
청구 우편번호,고객 청구지 우편번호다. 지역별 이탈 신호를 확인하는 데 사용한다.,4131,2,0,2,0.0,1.0,0.0,100.0,processed\column_split_datasets\02_category_value_subsets\Billing_ZIP\zip_4131_churn.csv
청구 우편번호,고객 청구지 우편번호다. 지역별 이탈 신호를 확인하는 데 사용한다.,4151,2,0,2,0.0,1.0,0.0,100.0,processed\column_split_datasets\02_category_value_subsets\Billing_ZIP\zip_4151_churn.csv
청구 우편번호,고객 청구지 우편번호다. 지역별 이탈 신호를 확인하는 데 사용한다.,4170,2,0,2,0.0,1.0,0.0,100.0,processed\column_split_datasets\02_category_value_subsets\Billing_ZIP\zip_4170_churn.csv
청구 우편번호,고객 청구지 우편번호다. 지역별 이탈 신호를 확인하는 데 사용한다.,4178,2,0,2,0.0,1.0,0.0,100.0,processed\column_split_datasets\02_category_value_subsets\Billing_ZIP\zip_4178_churn.csv
청구 우편번호,고객 청구지 우편번호다. 지역별 이탈 신호를 확인하는 데 사용한다.,4198,2,0,2,0.0,1.0,0.0,100.0,processed\column_split_datasets\02_category_value_subsets\Billing_ZIP\zip_4198_churn.csv
청구 우편번호,고객 청구지 우편번호다. 지역별 이탈 신호를 확인하는 데 사용한다.,4200,2,0,2,0.0,1.0,0.0,100.0,processed\column_split_datasets\02_category_value_subsets\Billing_ZIP\zip_4200_churn.csv
청구 우편번호,고객 청구지 우편번호다. 지역별 이탈 신호를 확인하는 데 사용한다.,4203,2,0,2,0.0,1.0,0.0,100.0,processed\column_split_datasets\02_category_value_subsets\Billing_ZIP\zip_4203_churn.csv
청구 우편번호,고객 청구지 우편번호다. 지역별 이탈 신호를 확인하는 데 사용한다.,4205,2,0,2,0.0,1.0,0.0,100.0,processed\column_split_datasets\02_category_value_subsets\Billing_ZIP\zip_4205_churn.csv
청구 우편번호,고객 청구지 우편번호다. 지역별 이탈 신호를 확인하는 데 사용한다.,4221,2,0,2,0.0,1.0,0.0,100.0,processed\column_split_datasets\02_category_value_subsets\Billing_ZIP\zip_4221_churn.csv
청구 우편번호,고객 청구지 우편번호다. 지역별 이탈 신호를 확인하는 데 사용한다.,4252,2,0,2,0.0,1.0,0.0,100.0,processed\column_split_datasets\02_category_value_subsets\Billing_ZIP\zip_4252_churn.csv
청구 우편번호,고객 청구지 우편번호다. 지역별 이탈 신호를 확인하는 데 사용한다.,4262,2,0,2,0.0,1.0,0.0,100.0,processed\column_split_datasets\02_category_value_subsets\Billing_ZIP\zip_4262_churn.csv
청구 우편번호,고객 청구지 우편번호다. 지역별 이탈 신호를 확인하는 데 사용한다.,4290,2,0,2,0.0,1.0,0.0,100.0,processed\column_split_datasets\02_category_value_subsets\Billing_ZIP\zip_4290_churn.csv
청구 우편번호,고객 청구지 우편번호다. 지역별 이탈 신호를 확인하는 데 사용한다.,4337,2,0,2,0.0,1.0,0.0,100.0,processed\column_split_datasets\02_category_value_subsets\Billing_ZIP\zip_4337_churn.csv
청구 우편번호,고객 청구지 우편번호다. 지역별 이탈 신호를 확인하는 데 사용한다.,4405,2,0,2,0.0,1.0,0.0,100.0,processed\column_split_datasets\02_category_value_subsets\Billing_ZIP\zip_4405_churn.csv
청구 우편번호,고객 청구지 우편번호다. 지역별 이탈 신호를 확인하는 데 사용한다.,4419,2,0,2,0.0,1.0,0.0,100.0,processed\column_split_datasets\02_category_value_subsets\Billing_ZIP\zip_4419_churn.csv
청구 우편번호,고객 청구지 우편번호다. 지역별 이탈 신호를 확인하는 데 사용한다.,4450,2,0,2,0.0,1.0,0.0,100.0,processed\column_split_datasets\02_category_value_subsets\Billing_ZIP\zip_4450_churn.csv
청구 우편번호,고객 청구지 우편번호다. 지역별 이탈 신호를 확인하는 데 사용한다.,4465,2,0,2,0.0,1.0,0.0,100.0,processed\column_split_datasets\02_category_value_subsets\Billing_ZIP\zip_4465_churn.csv
청구 우편번호,고객 청구지 우편번호다. 지역별 이탈 신호를 확인하는 데 사용한다.,4474,2,0,2,0.0,1.0,0.0,100.0,processed\column_split_datasets\02_category_value_subsets\Billing_ZIP\zip_4474_churn.csv
청구 우편번호,고객 청구지 우편번호다. 지역별 이탈 신호를 확인하는 데 사용한다.,4480,2,0,2,0.0,1.0,0.0,100.0,processed\column_split_datasets\02_category_value_subsets\Billing_ZIP\zip_4480_churn.csv
청구 우편번호,고객 청구지 우편번호다. 지역별 이탈 신호를 확인하는 데 사용한다.,4484,2,0,2,0.0,1.0,0.0,100.0,processed\column_split_datasets\02_category_value_subsets\Billing_ZIP\zip_4484_churn.csv
청구 우편번호,고객 청구지 우편번호다. 지역별 이탈 신호를 확인하는 데 사용한다.,4523,2,0,2,0.0,1.0,0.0,100.0,processed\column_split_datasets\02_category_value_subsets\Billing_ZIP\zip_4523_churn.csv
청구 우편번호,고객 청구지 우편번호다. 지역별 이탈 신호를 확인하는 데 사용한다.,4538,2,0,2,0.0,1.0,0.0,100.0,processed\column_split_datasets\02_category_value_subsets\Billing_ZIP\zip_4538_churn.csv
청구 우편번호,고객 청구지 우편번호다. 지역별 이탈 신호를 확인하는 데 사용한다.,4582,2,0,2,0.0,1.0,0.0,100.0,processed\column_split_datasets\02_category_value_subsets\Billing_ZIP\zip_4582_churn.csv
청구 우편번호,고객 청구지 우편번호다. 지역별 이탈 신호를 확인하는 데 사용한다.,4855,2,0,2,0.0,1.0,0.0,100.0,processed\column_split_datasets\02_category_value_subsets\Billing_ZIP\zip_4855_churn.csv
청구 우편번호,고객 청구지 우편번호다. 지역별 이탈 신호를 확인하는 데 사용한다.,4950,2,0,2,0.0,1.0,0.0,100.0,processed\column_split_datasets\02_category_value_subsets\Billing_ZIP\zip_4950_churn.csv
청구 우편번호,고객 청구지 우편번호다. 지역별 이탈 신호를 확인하는 데 사용한다.,4997,2,0,2,0.0,1.0,0.0,100.0,processed\column_split_datasets\02_category_value_subsets\Billing_ZIP\zip_4997_churn.csv
청구 우편번호,고객 청구지 우편번호다. 지역별 이탈 신호를 확인하는 데 사용한다.,4998,2,0,2,0.0,1.0,0.0,100.0,processed\column_split_datasets\02_category_value_subsets\Billing_ZIP\zip_4998_churn.csv
청구 우편번호,고객 청구지 우편번호다. 지역별 이탈 신호를 확인하는 데 사용한다.,6008,2,0,2,0.0,1.0,0.0,100.0,processed\column_split_datasets\02_category_value_subsets\Billing_ZIP\zip_6008_churn.csv
청구 우편번호,고객 청구지 우편번호다. 지역별 이탈 신호를 확인하는 데 사용한다.,6058,2,0,2,0.0,1.0,0.0,100.0,processed\column_split_datasets\02_category_value_subsets\Billing_ZIP\zip_6058_churn.csv
청구 우편번호,고객 청구지 우편번호다. 지역별 이탈 신호를 확인하는 데 사용한다.,6063,2,0,2,0.0,1.0,0.0,100.0,processed\column_split_datasets\02_category_value_subsets\Billing_ZIP\zip_6063_churn.csv
청구 우편번호,고객 청구지 우편번호다. 지역별 이탈 신호를 확인하는 데 사용한다.,6070,2,0,2,0.0,1.0,0.0,100.0,processed\column_split_datasets\02_category_value_subsets\Billing_ZIP\zip_6070_churn.csv
청구 우편번호,고객 청구지 우편번호다. 지역별 이탈 신호를 확인하는 데 사용한다.,6137,2,0,2,0.0,1.0,0.0,100.0,processed\column_split_datasets\02_category_value_subsets\Billing_ZIP\zip_6137_churn.csv
청구 우편번호,고객 청구지 우편번호다. 지역별 이탈 신호를 확인하는 데 사용한다.,6139,2,0,2,0.0,1.0,0.0,100.0,processed\column_split_datasets\02_category_value_subsets\Billing_ZIP\zip_6139_churn.csv
청구 우편번호,고객 청구지 우편번호다. 지역별 이탈 신호를 확인하는 데 사용한다.,6151,2,0,2,0.0,1.0,0.0,100.0,processed\column_split_datasets\02_category_value_subsets\Billing_ZIP\zip_6151_churn.csv
청구 우편번호,고객 청구지 우편번호다. 지역별 이탈 신호를 확인하는 데 사용한다.,6162,2,0,2,0.0,1.0,0.0,100.0,processed\column_split_datasets\02_category_value_subsets\Billing_ZIP\zip_6162_churn.csv
청구 우편번호,고객 청구지 우편번호다. 지역별 이탈 신호를 확인하는 데 사용한다.,6165,2,0,2,0.0,1.0,0.0,100.0,processed\column_split_datasets\02_category_value_subsets\Billing_ZIP\zip_6165_churn.csv
청구 우편번호,고객 청구지 우편번호다. 지역별 이탈 신호를 확인하는 데 사용한다.,6167,2,0,2,0.0,1.0,0.0,100.0,processed\column_split_datasets\02_category_value_subsets\Billing_ZIP\zip_6167_churn.csv
청구 우편번호,고객 청구지 우편번호다. 지역별 이탈 신호를 확인하는 데 사용한다.,6175,2,0,2,0.0,1.0,0.0,100.0,processed\column_split_datasets\02_category_value_subsets\Billing_ZIP\zip_6175_churn.csv
청구 우편번호,고객 청구지 우편번호다. 지역별 이탈 신호를 확인하는 데 사용한다.,6220,2,0,2,0.0,1.0,0.0,100.0,processed\column_split_datasets\02_category_value_subsets\Billing_ZIP\zip_6220_churn.csv
청구 우편번호,고객 청구지 우편번호다. 지역별 이탈 신호를 확인하는 데 사용한다.,6230,2,0,2,0.0,1.0,0.0,100.0,processed\column_split_datasets\02_category_value_subsets\Billing_ZIP\zip_6230_churn.csv
청구 우편번호,고객 청구지 우편번호다. 지역별 이탈 신호를 확인하는 데 사용한다.,6290,2,0,2,0.0,1.0,0.0,100.0,processed\column_split_datasets\02_category_value_subsets\Billing_ZIP\zip_6290_churn.csv
청구 우편번호,고객 청구지 우편번호다. 지역별 이탈 신호를 확인하는 데 사용한다.,6368,2,0,2,0.0,1.0,0.0,100.0,processed\column_split_datasets\02_category_value_subsets\Billing_ZIP\zip_6368_churn.csv
청구 우편번호,고객 청구지 우편번호다. 지역별 이탈 신호를 확인하는 데 사용한다.,6404,2,0,2,0.0,1.0,0.0,100.0,processed\column_split_datasets\02_category_value_subsets\Billing_ZIP\zip_6404_churn.csv
청구 우편번호,고객 청구지 우편번호다. 지역별 이탈 신호를 확인하는 데 사용한다.,6420,2,0,2,0.0,1.0,0.0,100.0,processed\column_split_datasets\02_category_value_subsets\Billing_ZIP\zip_6420_churn.csv
청구 우편번호,고객 청구지 우편번호다. 지역별 이탈 신호를 확인하는 데 사용한다.,6558,2,0,2,0.0,1.0,0.0,100.0,processed\column_split_datasets\02_category_value_subsets\Billing_ZIP\zip_6558_churn.csv
청구 우편번호,고객 청구지 우편번호다. 지역별 이탈 신호를 확인하는 데 사용한다.,6647,2,0,2,0.0,1.0,0.0,100.0,processed\column_split_datasets\02_category_value_subsets\Billing_ZIP\zip_6647_churn.csv
청구 우편번호,고객 청구지 우편번호다. 지역별 이탈 신호를 확인하는 데 사용한다.,6649,2,0,2,0.0,1.0,0.0,100.0,processed\column_split_datasets\02_category_value_subsets\Billing_ZIP\zip_6649_churn.csv
청구 우편번호,고객 청구지 우편번호다. 지역별 이탈 신호를 확인하는 데 사용한다.,6771,2,0,2,0.0,1.0,0.0,100.0,processed\column_split_datasets\02_category_value_subsets\Billing_ZIP\zip_6771_churn.csv
청구 우편번호,고객 청구지 우편번호다. 지역별 이탈 신호를 확인하는 데 사용한다.,6898,2,0,2,0.0,1.0,0.0,100.0,processed\column_split_datasets\02_category_value_subsets\Billing_ZIP\zip_6898_churn.csv
청구 우편번호,고객 청구지 우편번호다. 지역별 이탈 신호를 확인하는 데 사용한다.,9300,2,0,2,0.0,1.0,0.0,100.0,processed\column_split_datasets\02_category_value_subsets\Billing_ZIP\zip_9300_churn.csv
청구 우편번호,고객 청구지 우편번호다. 지역별 이탈 신호를 확인하는 데 사용한다.,missing,2,0,2,0.0,1.0,0.0,100.0,processed\column_split_datasets\02_category_value_subsets\Billing_ZIP\zip_missing_churn.csv
청구 우편번호,고객 청구지 우편번호다. 지역별 이탈 신호를 확인하는 데 사용한다.,1164,1,0,1,0.0,1.0,0.0,100.0,processed\column_split_datasets\02_category_value_subsets\Billing_ZIP\zip_1164_churn.csv
청구 우편번호,고객 청구지 우편번호다. 지역별 이탈 신호를 확인하는 데 사용한다.,1202,1,0,1,0.0,1.0,0.0,100.0,processed\column_split_datasets\02_category_value_subsets\Billing_ZIP\zip_1202_churn.csv
청구 우편번호,고객 청구지 우편번호다. 지역별 이탈 신호를 확인하는 데 사용한다.,1233,1,0,1,0.0,1.0,0.0,100.0,processed\column_split_datasets\02_category_value_subsets\Billing_ZIP\zip_1233_churn.csv
청구 우편번호,고객 청구지 우편번호다. 지역별 이탈 신호를 확인하는 데 사용한다.,1303,1,0,1,0.0,1.0,0.0,100.0,processed\column_split_datasets\02_category_value_subsets\Billing_ZIP\zip_1303_churn.csv
청구 우편번호,고객 청구지 우편번호다. 지역별 이탈 신호를 확인하는 데 사용한다.,1309,1,0,1,0.0,1.0,0.0,100.0,processed\column_split_datasets\02_category_value_subsets\Billing_ZIP\zip_1309_churn.csv
청구 우편번호,고객 청구지 우편번호다. 지역별 이탈 신호를 확인하는 데 사용한다.,1330,1,0,1,0.0,1.0,0.0,100.0,processed\column_split_datasets\02_category_value_subsets\Billing_ZIP\zip_1330_churn.csv
청구 우편번호,고객 청구지 우편번호다. 지역별 이탈 신호를 확인하는 데 사용한다.,1335,1,0,1,0.0,1.0,0.0,100.0,processed\column_split_datasets\02_category_value_subsets\Billing_ZIP\zip_1335_churn.csv
청구 우편번호,고객 청구지 우편번호다. 지역별 이탈 신호를 확인하는 데 사용한다.,1345,1,0,1,0.0,1.0,0.0,100.0,processed\column_split_datasets\02_category_value_subsets\Billing_ZIP\zip_1345_churn.csv
청구 우편번호,고객 청구지 우편번호다. 지역별 이탈 신호를 확인하는 데 사용한다.,1407,1,0,1,0.0,1.0,0.0,100.0,processed\column_split_datasets\02_category_value_subsets\Billing_ZIP\zip_1407_churn.csv
청구 우편번호,고객 청구지 우편번호다. 지역별 이탈 신호를 확인하는 데 사용한다.,1504,1,0,1,0.0,1.0,0.0,100.0,processed\column_split_datasets\02_category_value_subsets\Billing_ZIP\zip_1504_churn.csv
청구 우편번호,고객 청구지 우편번호다. 지역별 이탈 신호를 확인하는 데 사용한다.,1528,1,0,1,0.0,1.0,0.0,100.0,processed\column_split_datasets\02_category_value_subsets\Billing_ZIP\zip_1528_churn.csv
청구 우편번호,고객 청구지 우편번호다. 지역별 이탈 신호를 확인하는 데 사용한다.,1680,1,0,1,0.0,1.0,0.0,100.0,processed\column_split_datasets\02_category_value_subsets\Billing_ZIP\zip_1680_churn.csv
청구 우편번호,고객 청구지 우편번호다. 지역별 이탈 신호를 확인하는 데 사용한다.,1700,1,0,1,0.0,1.0,0.0,100.0,processed\column_split_datasets\02_category_value_subsets\Billing_ZIP\zip_1700_churn.csv
청구 우편번호,고객 청구지 우편번호다. 지역별 이탈 신호를 확인하는 데 사용한다.,1712,1,0,1,0.0,1.0,0.0,100.0,processed\column_split_datasets\02_category_value_subsets\Billing_ZIP\zip_1712_churn.csv
청구 우편번호,고객 청구지 우편번호다. 지역별 이탈 신호를 확인하는 데 사용한다.,1715,1,0,1,0.0,1.0,0.0,100.0,processed\column_split_datasets\02_category_value_subsets\Billing_ZIP\zip_1715_churn.csv
청구 우편번호,고객 청구지 우편번호다. 지역별 이탈 신호를 확인하는 데 사용한다.,1839,1,0,1,0.0,1.0,0.0,100.0,processed\column_split_datasets\02_category_value_subsets\Billing_ZIP\zip_1839_churn.csv
청구 우편번호,고객 청구지 우편번호다. 지역별 이탈 신호를 확인하는 데 사용한다.,2080,1,0,1,0.0,1.0,0.0,100.0,processed\column_split_datasets\02_category_value_subsets\Billing_ZIP\zip_2080_churn.csv
청구 우편번호,고객 청구지 우편번호다. 지역별 이탈 신호를 확인하는 데 사용한다.,2100,1,0,1,0.0,1.0,0.0,100.0,processed\column_split_datasets\02_category_value_subsets\Billing_ZIP\zip_2100_churn.csv
청구 우편번호,고객 청구지 우편번호다. 지역별 이탈 신호를 확인하는 데 사용한다.,2240,1,0,1,0.0,1.0,0.0,100.0,processed\column_split_datasets\02_category_value_subsets\Billing_ZIP\zip_2240_churn.csv
청구 우편번호,고객 청구지 우편번호다. 지역별 이탈 신호를 확인하는 데 사용한다.,2442,1,0,1,0.0,1.0,0.0,100.0,processed\column_split_datasets\02_category_value_subsets\Billing_ZIP\zip_2442_churn.csv
청구 우편번호,고객 청구지 우편번호다. 지역별 이탈 신호를 확인하는 데 사용한다.,2500,1,0,1,0.0,1.0,0.0,100.0,processed\column_split_datasets\02_category_value_subsets\Billing_ZIP\zip_2500_churn.csv
청구 우편번호,고객 청구지 우편번호다. 지역별 이탈 신호를 확인하는 데 사용한다.,2875,1,0,1,0.0,1.0,0.0,100.0,processed\column_split_datasets\02_category_value_subsets\Billing_ZIP\zip_2875_churn.csv
청구 우편번호,고객 청구지 우편번호다. 지역별 이탈 신호를 확인하는 데 사용한다.,3241,1,0,1,0.0,1.0,0.0,100.0,processed\column_split_datasets\02_category_value_subsets\Billing_ZIP\zip_3241_churn.csv
청구 우편번호,고객 청구지 우편번호다. 지역별 이탈 신호를 확인하는 데 사용한다.,3500,1,0,1,0.0,1.0,0.0,100.0,processed\column_split_datasets\02_category_value_subsets\Billing_ZIP\zip_3500_churn.csv
청구 우편번호,고객 청구지 우편번호다. 지역별 이탈 신호를 확인하는 데 사용한다.,4007,1,0,1,0.0,1.0,0.0,100.0,processed\column_split_datasets\02_category_value_subsets\Billing_ZIP\zip_4007_churn.csv
청구 우편번호,고객 청구지 우편번호다. 지역별 이탈 신호를 확인하는 데 사용한다.,4024,1,0,1,0.0,1.0,0.0,100.0,processed\column_split_datasets\02_category_value_subsets\Billing_ZIP\zip_4024_churn.csv
청구 우편번호,고객 청구지 우편번호다. 지역별 이탈 신호를 확인하는 데 사용한다.,4026,1,0,1,0.0,1.0,0.0,100.0,processed\column_split_datasets\02_category_value_subsets\Billing_ZIP\zip_4026_churn.csv
청구 우편번호,고객 청구지 우편번호다. 지역별 이탈 신호를 확인하는 데 사용한다.,4028,1,0,1,0.0,1.0,0.0,100.0,processed\column_split_datasets\02_category_value_subsets\Billing_ZIP\zip_4028_churn.csv
청구 우편번호,고객 청구지 우편번호다. 지역별 이탈 신호를 확인하는 데 사용한다.,4133,1,0,1,0.0,1.0,0.0,100.0,processed\column_split_datasets\02_category_value_subsets\Billing_ZIP\zip_4133_churn.csv
청구 우편번호,고객 청구지 우편번호다. 지역별 이탈 신호를 확인하는 데 사용한다.,4136,1,0,1,0.0,1.0,0.0,100.0,processed\column_split_datasets\02_category_value_subsets\Billing_ZIP\zip_4136_churn.csv
청구 우편번호,고객 청구지 우편번호다. 지역별 이탈 신호를 확인하는 데 사용한다.,4141,1,0,1,0.0,1.0,0.0,100.0,processed\column_split_datasets\02_category_value_subsets\Billing_ZIP\zip_4141_churn.csv
청구 우편번호,고객 청구지 우편번호다. 지역별 이탈 신호를 확인하는 데 사용한다.,4161,1,0,1,0.0,1.0,0.0,100.0,processed\column_split_datasets\02_category_value_subsets\Billing_ZIP\zip_4161_churn.csv
청구 우편번호,고객 청구지 우편번호다. 지역별 이탈 신호를 확인하는 데 사용한다.,4174,1,0,1,0.0,1.0,0.0,100.0,processed\column_split_datasets\02_category_value_subsets\Billing_ZIP\zip_4174_churn.csv
청구 우편번호,고객 청구지 우편번호다. 지역별 이탈 신호를 확인하는 데 사용한다.,4175,1,0,1,0.0,1.0,0.0,100.0,processed\column_split_datasets\02_category_value_subsets\Billing_ZIP\zip_4175_churn.csv
청구 우편번호,고객 청구지 우편번호다. 지역별 이탈 신호를 확인하는 데 사용한다.,4179,1,0,1,0.0,1.0,0.0,100.0,processed\column_split_datasets\02_category_value_subsets\Billing_ZIP\zip_4179_churn.csv
청구 우편번호,고객 청구지 우편번호다. 지역별 이탈 신호를 확인하는 데 사용한다.,4187,1,0,1,0.0,1.0,0.0,100.0,processed\column_split_datasets\02_category_value_subsets\Billing_ZIP\zip_4187_churn.csv
청구 우편번호,고객 청구지 우편번호다. 지역별 이탈 신호를 확인하는 데 사용한다.,4191,1,0,1,0.0,1.0,0.0,100.0,processed\column_split_datasets\02_category_value_subsets\Billing_ZIP\zip_4191_churn.csv
청구 우편번호,고객 청구지 우편번호다. 지역별 이탈 신호를 확인하는 데 사용한다.,4192,1,0,1,0.0,1.0,0.0,100.0,processed\column_split_datasets\02_category_value_subsets\Billing_ZIP\zip_4192_churn.csv
청구 우편번호,고객 청구지 우편번호다. 지역별 이탈 신호를 확인하는 데 사용한다.,4193,1,0,1,0.0,1.0,0.0,100.0,processed\column_split_datasets\02_category_value_subsets\Billing_ZIP\zip_4193_churn.csv
청구 우편번호,고객 청구지 우편번호다. 지역별 이탈 신호를 확인하는 데 사용한다.,4207,1,0,1,0.0,1.0,0.0,100.0,processed\column_split_datasets\02_category_value_subsets\Billing_ZIP\zip_4207_churn.csv
청구 우편번호,고객 청구지 우편번호다. 지역별 이탈 신호를 확인하는 데 사용한다.,4208,1,0,1,0.0,1.0,0.0,100.0,processed\column_split_datasets\02_category_value_subsets\Billing_ZIP\zip_4208_churn.csv
청구 우편번호,고객 청구지 우편번호다. 지역별 이탈 신호를 확인하는 데 사용한다.,4213,1,0,1,0.0,1.0,0.0,100.0,processed\column_split_datasets\02_category_value_subsets\Billing_ZIP\zip_4213_churn.csv
청구 우편번호,고객 청구지 우편번호다. 지역별 이탈 신호를 확인하는 데 사용한다.,4219,1,0,1,0.0,1.0,0.0,100.0,processed\column_split_datasets\02_category_value_subsets\Billing_ZIP\zip_4219_churn.csv
청구 우편번호,고객 청구지 우편번호다. 지역별 이탈 신호를 확인하는 데 사용한다.,4222,1,0,1,0.0,1.0,0.0,100.0,processed\column_split_datasets\02_category_value_subsets\Billing_ZIP\zip_4222_churn.csv
청구 우편번호,고객 청구지 우편번호다. 지역별 이탈 신호를 확인하는 데 사용한다.,4227,1,0,1,0.0,1.0,0.0,100.0,processed\column_split_datasets\02_category_value_subsets\Billing_ZIP\zip_4227_churn.csv
청구 우편번호,고객 청구지 우편번호다. 지역별 이탈 신호를 확인하는 데 사용한다.,4239,1,0,1,0.0,1.0,0.0,100.0,processed\column_split_datasets\02_category_value_subsets\Billing_ZIP\zip_4239_churn.csv
청구 우편번호,고객 청구지 우편번호다. 지역별 이탈 신호를 확인하는 데 사용한다.,4240,1,0,1,0.0,1.0,0.0,100.0,processed\column_split_datasets\02_category_value_subsets\Billing_ZIP\zip_4240_churn.csv
청구 우편번호,고객 청구지 우편번호다. 지역별 이탈 신호를 확인하는 데 사용한다.,4243,1,0,1,0.0,1.0,0.0,100.0,processed\column_split_datasets\02_category_value_subsets\Billing_ZIP\zip_4243_churn.csv
청구 우편번호,고객 청구지 우편번호다. 지역별 이탈 신호를 확인하는 데 사용한다.,4249,1,0,1,0.0,1.0,0.0,100.0,processed\column_split_datasets\02_category_value_subsets\Billing_ZIP\zip_4249_churn.csv
청구 우편번호,고객 청구지 우편번호다. 지역별 이탈 신호를 확인하는 데 사용한다.,4254,1,0,1,0.0,1.0,0.0,100.0,processed\column_split_datasets\02_category_value_subsets\Billing_ZIP\zip_4254_churn.csv
청구 우편번호,고객 청구지 우편번호다. 지역별 이탈 신호를 확인하는 데 사용한다.,4264,1,0,1,0.0,1.0,0.0,100.0,processed\column_split_datasets\02_category_value_subsets\Billing_ZIP\zip_4264_churn.csv
청구 우편번호,고객 청구지 우편번호다. 지역별 이탈 신호를 확인하는 데 사용한다.,4269,1,0,1,0.0,1.0,0.0,100.0,processed\column_split_datasets\02_category_value_subsets\Billing_ZIP\zip_4269_churn.csv
청구 우편번호,고객 청구지 우편번호다. 지역별 이탈 신호를 확인하는 데 사용한다.,4281,1,0,1,0.0,1.0,0.0,100.0,processed\column_split_datasets\02_category_value_subsets\Billing_ZIP\zip_4281_churn.csv
청구 우편번호,고객 청구지 우편번호다. 지역별 이탈 신호를 확인하는 데 사용한다.,4282,1,0,1,0.0,1.0,0.0,100.0,processed\column_split_datasets\02_category_value_subsets\Billing_ZIP\zip_4282_churn.csv
청구 우편번호,고객 청구지 우편번호다. 지역별 이탈 신호를 확인하는 데 사용한다.,4283,1,0,1,0.0,1.0,0.0,100.0,processed\column_split_datasets\02_category_value_subsets\Billing_ZIP\zip_4283_churn.csv
청구 우편번호,고객 청구지 우편번호다. 지역별 이탈 신호를 확인하는 데 사용한다.,4295,1,0,1,0.0,1.0,0.0,100.0,processed\column_split_datasets\02_category_value_subsets\Billing_ZIP\zip_4295_churn.csv
청구 우편번호,고객 청구지 우편번호다. 지역별 이탈 신호를 확인하는 데 사용한다.,4297,1,0,1,0.0,1.0,0.0,100.0,processed\column_split_datasets\02_category_value_subsets\Billing_ZIP\zip_4297_churn.csv
청구 우편번호,고객 청구지 우편번호다. 지역별 이탈 신호를 확인하는 데 사용한다.,4301,1,0,1,0.0,1.0,0.0,100.0,processed\column_split_datasets\02_category_value_subsets\Billing_ZIP\zip_4301_churn.csv
청구 우편번호,고객 청구지 우편번호다. 지역별 이탈 신호를 확인하는 데 사용한다.,4302,1,0,1,0.0,1.0,0.0,100.0,processed\column_split_datasets\02_category_value_subsets\Billing_ZIP\zip_4302_churn.csv
청구 우편번호,고객 청구지 우편번호다. 지역별 이탈 신호를 확인하는 데 사용한다.,4339,1,0,1,0.0,1.0,0.0,100.0,processed\column_split_datasets\02_category_value_subsets\Billing_ZIP\zip_4339_churn.csv
청구 우편번호,고객 청구지 우편번호다. 지역별 이탈 신호를 확인하는 데 사용한다.,4341,1,0,1,0.0,1.0,0.0,100.0,processed\column_split_datasets\02_category_value_subsets\Billing_ZIP\zip_4341_churn.csv
청구 우편번호,고객 청구지 우편번호다. 지역별 이탈 신호를 확인하는 데 사용한다.,4343,1,0,1,0.0,1.0,0.0,100.0,processed\column_split_datasets\02_category_value_subsets\Billing_ZIP\zip_4343_churn.csv
청구 우편번호,고객 청구지 우편번호다. 지역별 이탈 신호를 확인하는 데 사용한다.,4348,1,0,1,0.0,1.0,0.0,100.0,processed\column_split_datasets\02_category_value_subsets\Billing_ZIP\zip_4348_churn.csv
청구 우편번호,고객 청구지 우편번호다. 지역별 이탈 신호를 확인하는 데 사용한다.,4350,1,0,1,0.0,1.0,0.0,100.0,processed\column_split_datasets\02_category_value_subsets\Billing_ZIP\zip_4350_churn.csv
청구 우편번호,고객 청구지 우편번호다. 지역별 이탈 신호를 확인하는 데 사용한다.,4357,1,0,1,0.0,1.0,0.0,100.0,processed\column_split_datasets\02_category_value_subsets\Billing_ZIP\zip_4357_churn.csv
청구 우편번호,고객 청구지 우편번호다. 지역별 이탈 신호를 확인하는 데 사용한다.,4358,1,0,1,0.0,1.0,0.0,100.0,processed\column_split_datasets\02_category_value_subsets\Billing_ZIP\zip_4358_churn.csv
청구 우편번호,고객 청구지 우편번호다. 지역별 이탈 신호를 확인하는 데 사용한다.,4368,1,0,1,0.0,1.0,0.0,100.0,processed\column_split_datasets\02_category_value_subsets\Billing_ZIP\zip_4368_churn.csv
청구 우편번호,고객 청구지 우편번호다. 지역별 이탈 신호를 확인하는 데 사용한다.,4404,1,0,1,0.0,1.0,0.0,100.0,processed\column_split_datasets\02_category_value_subsets\Billing_ZIP\zip_4404_churn.csv
청구 우편번호,고객 청구지 우편번호다. 지역별 이탈 신호를 확인하는 데 사용한다.,4408,1,0,1,0.0,1.0,0.0,100.0,processed\column_split_datasets\02_category_value_subsets\Billing_ZIP\zip_4408_churn.csv
청구 우편번호,고객 청구지 우편번호다. 지역별 이탈 신호를 확인하는 데 사용한다.,4410,1,0,1,0.0,1.0,0.0,100.0,processed\column_split_datasets\02_category_value_subsets\Billing_ZIP\zip_4410_churn.csv
청구 우편번호,고객 청구지 우편번호다. 지역별 이탈 신호를 확인하는 데 사용한다.,4411,1,0,1,0.0,1.0,0.0,100.0,processed\column_split_datasets\02_category_value_subsets\Billing_ZIP\zip_4411_churn.csv
청구 우편번호,고객 청구지 우편번호다. 지역별 이탈 신호를 확인하는 데 사용한다.,4414,1,0,1,0.0,1.0,0.0,100.0,processed\column_split_datasets\02_category_value_subsets\Billing_ZIP\zip_4414_churn.csv
청구 우편번호,고객 청구지 우편번호다. 지역별 이탈 신호를 확인하는 데 사용한다.,4415,1,0,1,0.0,1.0,0.0,100.0,processed\column_split_datasets\02_category_value_subsets\Billing_ZIP\zip_4415_churn.csv
청구 우편번호,고객 청구지 우편번호다. 지역별 이탈 신호를 확인하는 데 사용한다.,4418,1,0,1,0.0,1.0,0.0,100.0,processed\column_split_datasets\02_category_value_subsets\Billing_ZIP\zip_4418_churn.csv
청구 우편번호,고객 청구지 우편번호다. 지역별 이탈 신호를 확인하는 데 사용한다.,4420,1,0,1,0.0,1.0,0.0,100.0,processed\column_split_datasets\02_category_value_subsets\Billing_ZIP\zip_4420_churn.csv
청구 우편번호,고객 청구지 우편번호다. 지역별 이탈 신호를 확인하는 데 사용한다.,4421,1,0,1,0.0,1.0,0.0,100.0,processed\column_split_datasets\02_category_value_subsets\Billing_ZIP\zip_4421_churn.csv
청구 우편번호,고객 청구지 우편번호다. 지역별 이탈 신호를 확인하는 데 사용한다.,4428,1,0,1,0.0,1.0,0.0,100.0,processed\column_split_datasets\02_category_value_subsets\Billing_ZIP\zip_4428_churn.csv
청구 우편번호,고객 청구지 우편번호다. 지역별 이탈 신호를 확인하는 데 사용한다.,4441,1,0,1,0.0,1.0,0.0,100.0,processed\column_split_datasets\02_category_value_subsets\Billing_ZIP\zip_4441_churn.csv
청구 우편번호,고객 청구지 우편번호다. 지역별 이탈 신호를 확인하는 데 사용한다.,4444,1,0,1,0.0,1.0,0.0,100.0,processed\column_split_datasets\02_category_value_subsets\Billing_ZIP\zip_4444_churn.csv
청구 우편번호,고객 청구지 우편번호다. 지역별 이탈 신호를 확인하는 데 사용한다.,4451,1,0,1,0.0,1.0,0.0,100.0,processed\column_split_datasets\02_category_value_subsets\Billing_ZIP\zip_4451_churn.csv
청구 우편번호,고객 청구지 우편번호다. 지역별 이탈 신호를 확인하는 데 사용한다.,4452,1,0,1,0.0,1.0,0.0,100.0,processed\column_split_datasets\02_category_value_subsets\Billing_ZIP\zip_4452_churn.csv
청구 우편번호,고객 청구지 우편번호다. 지역별 이탈 신호를 확인하는 데 사용한다.,4463,1,0,1,0.0,1.0,0.0,100.0,processed\column_split_datasets\02_category_value_subsets\Billing_ZIP\zip_4463_churn.csv
청구 우편번호,고객 청구지 우편번호다. 지역별 이탈 신호를 확인하는 데 사용한다.,4468,1,0,1,0.0,1.0,0.0,100.0,processed\column_split_datasets\02_category_value_subsets\Billing_ZIP\zip_4468_churn.csv
청구 우편번호,고객 청구지 우편번호다. 지역별 이탈 신호를 확인하는 데 사용한다.,4477,1,0,1,0.0,1.0,0.0,100.0,processed\column_split_datasets\02_category_value_subsets\Billing_ZIP\zip_4477_churn.csv
청구 우편번호,고객 청구지 우편번호다. 지역별 이탈 신호를 확인하는 데 사용한다.,4481,1,0,1,0.0,1.0,0.0,100.0,processed\column_split_datasets\02_category_value_subsets\Billing_ZIP\zip_4481_churn.csv
청구 우편번호,고객 청구지 우편번호다. 지역별 이탈 신호를 확인하는 데 사용한다.,4491,1,0,1,0.0,1.0,0.0,100.0,processed\column_split_datasets\02_category_value_subsets\Billing_ZIP\zip_4491_churn.csv
청구 우편번호,고객 청구지 우편번호다. 지역별 이탈 신호를 확인하는 데 사용한다.,4493,1,0,1,0.0,1.0,0.0,100.0,processed\column_split_datasets\02_category_value_subsets\Billing_ZIP\zip_4493_churn.csv
청구 우편번호,고객 청구지 우편번호다. 지역별 이탈 신호를 확인하는 데 사용한다.,4535,1,0,1,0.0,1.0,0.0,100.0,processed\column_split_datasets\02_category_value_subsets\Billing_ZIP\zip_4535_churn.csv
청구 우편번호,고객 청구지 우편번호다. 지역별 이탈 신호를 확인하는 데 사용한다.,4583,1,0,1,0.0,1.0,0.0,100.0,processed\column_split_datasets\02_category_value_subsets\Billing_ZIP\zip_4583_churn.csv
청구 우편번호,고객 청구지 우편번호다. 지역별 이탈 신호를 확인하는 데 사용한다.,4584,1,0,1,0.0,1.0,0.0,100.0,processed\column_split_datasets\02_category_value_subsets\Billing_ZIP\zip_4584_churn.csv
청구 우편번호,고객 청구지 우편번호다. 지역별 이탈 신호를 확인하는 데 사용한다.,4587,1,0,1,0.0,1.0,0.0,100.0,processed\column_split_datasets\02_category_value_subsets\Billing_ZIP\zip_4587_churn.csv
청구 우편번호,고객 청구지 우편번호다. 지역별 이탈 신호를 확인하는 데 사용한다.,4590,1,0,1,0.0,1.0,0.0,100.0,processed\column_split_datasets\02_category_value_subsets\Billing_ZIP\zip_4590_churn.csv
청구 우편번호,고객 청구지 우편번호다. 지역별 이탈 신호를 확인하는 데 사용한다.,4642,1,0,1,0.0,1.0,0.0,100.0,processed\column_split_datasets\02_category_value_subsets\Billing_ZIP\zip_4642_churn.csv
청구 우편번호,고객 청구지 우편번호다. 지역별 이탈 신호를 확인하는 데 사용한다.,4645,1,0,1,0.0,1.0,0.0,100.0,processed\column_split_datasets\02_category_value_subsets\Billing_ZIP\zip_4645_churn.csv
청구 우편번호,고객 청구지 우편번호다. 지역별 이탈 신호를 확인하는 데 사용한다.,4743,1,0,1,0.0,1.0,0.0,100.0,processed\column_split_datasets\02_category_value_subsets\Billing_ZIP\zip_4743_churn.csv
청구 우편번호,고객 청구지 우편번호다. 지역별 이탈 신호를 확인하는 데 사용한다.,4752,1,0,1,0.0,1.0,0.0,100.0,processed\column_split_datasets\02_category_value_subsets\Billing_ZIP\zip_4752_churn.csv
청구 우편번호,고객 청구지 우편번호다. 지역별 이탈 신호를 확인하는 데 사용한다.,4794,1,0,1,0.0,1.0,0.0,100.0,processed\column_split_datasets\02_category_value_subsets\Billing_ZIP\zip_4794_churn.csv
청구 우편번호,고객 청구지 우편번호다. 지역별 이탈 신호를 확인하는 데 사용한다.,4801,1,0,1,0.0,1.0,0.0,100.0,processed\column_split_datasets\02_category_value_subsets\Billing_ZIP\zip_4801_churn.csv
청구 우편번호,고객 청구지 우편번호다. 지역별 이탈 신호를 확인하는 데 사용한다.,4825,1,0,1,0.0,1.0,0.0,100.0,processed\column_split_datasets\02_category_value_subsets\Billing_ZIP\zip_4825_churn.csv
청구 우편번호,고객 청구지 우편번호다. 지역별 이탈 신호를 확인하는 데 사용한다.,4834,1,0,1,0.0,1.0,0.0,100.0,processed\column_split_datasets\02_category_value_subsets\Billing_ZIP\zip_4834_churn.csv
청구 우편번호,고객 청구지 우편번호다. 지역별 이탈 신호를 확인하는 데 사용한다.,4836,1,0,1,0.0,1.0,0.0,100.0,processed\column_split_datasets\02_category_value_subsets\Billing_ZIP\zip_4836_churn.csv
청구 우편번호,고객 청구지 우편번호다. 지역별 이탈 신호를 확인하는 데 사용한다.,4877,1,0,1,0.0,1.0,0.0,100.0,processed\column_split_datasets\02_category_value_subsets\Billing_ZIP\zip_4877_churn.csv
청구 우편번호,고객 청구지 우편번호다. 지역별 이탈 신호를 확인하는 데 사용한다.,4889,1,0,1,0.0,1.0,0.0,100.0,processed\column_split_datasets\02_category_value_subsets\Billing_ZIP\zip_4889_churn.csv
청구 우편번호,고객 청구지 우편번호다. 지역별 이탈 신호를 확인하는 데 사용한다.,4890,1,0,1,0.0,1.0,0.0,100.0,processed\column_split_datasets\02_category_value_subsets\Billing_ZIP\zip_4890_churn.csv
청구 우편번호,고객 청구지 우편번호다. 지역별 이탈 신호를 확인하는 데 사용한다.,4935,1,0,1,0.0,1.0,0.0,100.0,processed\column_split_datasets\02_category_value_subsets\Billing_ZIP\zip_4935_churn.csv
청구 우편번호,고객 청구지 우편번호다. 지역별 이탈 신호를 확인하는 데 사용한다.,4942,1,0,1,0.0,1.0,0.0,100.0,processed\column_split_datasets\02_category_value_subsets\Billing_ZIP\zip_4942_churn.csv
청구 우편번호,고객 청구지 우편번호다. 지역별 이탈 신호를 확인하는 데 사용한다.,4948,1,0,1,0.0,1.0,0.0,100.0,processed\column_split_datasets\02_category_value_subsets\Billing_ZIP\zip_4948_churn.csv
청구 우편번호,고객 청구지 우편번호다. 지역별 이탈 신호를 확인하는 데 사용한다.,4958,1,0,1,0.0,1.0,0.0,100.0,processed\column_split_datasets\02_category_value_subsets\Billing_ZIP\zip_4958_churn.csv
청구 우편번호,고객 청구지 우편번호다. 지역별 이탈 신호를 확인하는 데 사용한다.,4970,1,0,1,0.0,1.0,0.0,100.0,processed\column_split_datasets\02_category_value_subsets\Billing_ZIP\zip_4970_churn.csv
청구 우편번호,고객 청구지 우편번호다. 지역별 이탈 신호를 확인하는 데 사용한다.,4974,1,0,1,0.0,1.0,0.0,100.0,processed\column_split_datasets\02_category_value_subsets\Billing_ZIP\zip_4974_churn.csv
청구 우편번호,고객 청구지 우편번호다. 지역별 이탈 신호를 확인하는 데 사용한다.,4976,1,0,1,0.0,1.0,0.0,100.0,processed\column_split_datasets\02_category_value_subsets\Billing_ZIP\zip_4976_churn.csv
청구 우편번호,고객 청구지 우편번호다. 지역별 이탈 신호를 확인하는 데 사용한다.,4983,1,0,1,0.0,1.0,0.0,100.0,processed\column_split_datasets\02_category_value_subsets\Billing_ZIP\zip_4983_churn.csv
청구 우편번호,고객 청구지 우편번호다. 지역별 이탈 신호를 확인하는 데 사용한다.,4994,1,0,1,0.0,1.0,0.0,100.0,processed\column_split_datasets\02_category_value_subsets\Billing_ZIP\zip_4994_churn.csv
청구 우편번호,고객 청구지 우편번호다. 지역별 이탈 신호를 확인하는 데 사용한다.,4999,1,0,1,0.0,1.0,0.0,100.0,processed\column_split_datasets\02_category_value_subsets\Billing_ZIP\zip_4999_churn.csv
청구 우편번호,고객 청구지 우편번호다. 지역별 이탈 신호를 확인하는 데 사용한다.,5000,1,0,1,0.0,1.0,0.0,100.0,processed\column_split_datasets\02_category_value_subsets\Billing_ZIP\zip_5000_churn.csv
청구 우편번호,고객 청구지 우편번호다. 지역별 이탈 신호를 확인하는 데 사용한다.,5140,1,0,1,0.0,1.0,0.0,100.0,processed\column_split_datasets\02_category_value_subsets\Billing_ZIP\zip_5140_churn.csv
청구 우편번호,고객 청구지 우편번호다. 지역별 이탈 신호를 확인하는 데 사용한다.,5400,1,0,1,0.0,1.0,0.0,100.0,processed\column_split_datasets\02_category_value_subsets\Billing_ZIP\zip_5400_churn.csv
청구 우편번호,고객 청구지 우편번호다. 지역별 이탈 신호를 확인하는 데 사용한다.,5780,1,0,1,0.0,1.0,0.0,100.0,processed\column_split_datasets\02_category_value_subsets\Billing_ZIP\zip_5780_churn.csv
청구 우편번호,고객 청구지 우편번호다. 지역별 이탈 신호를 확인하는 데 사용한다.,6045,1,0,1,0.0,1.0,0.0,100.0,processed\column_split_datasets\02_category_value_subsets\Billing_ZIP\zip_6045_churn.csv
청구 우편번호,고객 청구지 우편번호다. 지역별 이탈 신호를 확인하는 데 사용한다.,6049,1,0,1,0.0,1.0,0.0,100.0,processed\column_split_datasets\02_category_value_subsets\Billing_ZIP\zip_6049_churn.csv
청구 우편번호,고객 청구지 우편번호다. 지역별 이탈 신호를 확인하는 데 사용한다.,6052,1,0,1,0.0,1.0,0.0,100.0,processed\column_split_datasets\02_category_value_subsets\Billing_ZIP\zip_6052_churn.csv
청구 우편번호,고객 청구지 우편번호다. 지역별 이탈 신호를 확인하는 데 사용한다.,6056,1,0,1,0.0,1.0,0.0,100.0,processed\column_split_datasets\02_category_value_subsets\Billing_ZIP\zip_6056_churn.csv
청구 우편번호,고객 청구지 우편번호다. 지역별 이탈 신호를 확인하는 데 사용한다.,6057,1,0,1,0.0,1.0,0.0,100.0,processed\column_split_datasets\02_category_value_subsets\Billing_ZIP\zip_6057_churn.csv
청구 우편번호,고객 청구지 우편번호다. 지역별 이탈 신호를 확인하는 데 사용한다.,6059,1,0,1,0.0,1.0,0.0,100.0,processed\column_split_datasets\02_category_value_subsets\Billing_ZIP\zip_6059_churn.csv
청구 우편번호,고객 청구지 우편번호다. 지역별 이탈 신호를 확인하는 데 사용한다.,6061,1,0,1,0.0,1.0,0.0,100.0,processed\column_split_datasets\02_category_value_subsets\Billing_ZIP\zip_6061_churn.csv
청구 우편번호,고객 청구지 우편번호다. 지역별 이탈 신호를 확인하는 데 사용한다.,6064,1,0,1,0.0,1.0,0.0,100.0,processed\column_split_datasets\02_category_value_subsets\Billing_ZIP\zip_6064_churn.csv
청구 우편번호,고객 청구지 우편번호다. 지역별 이탈 신호를 확인하는 데 사용한다.,6091,1,0,1,0.0,1.0,0.0,100.0,processed\column_split_datasets\02_category_value_subsets\Billing_ZIP\zip_6091_churn.csv
청구 우편번호,고객 청구지 우편번호다. 지역별 이탈 신호를 확인하는 데 사용한다.,6102,1,0,1,0.0,1.0,0.0,100.0,processed\column_split_datasets\02_category_value_subsets\Billing_ZIP\zip_6102_churn.csv
청구 우편번호,고객 청구지 우편번호다. 지역별 이탈 신호를 확인하는 데 사용한다.,6103,1,0,1,0.0,1.0,0.0,100.0,processed\column_split_datasets\02_category_value_subsets\Billing_ZIP\zip_6103_churn.csv
청구 우편번호,고객 청구지 우편번호다. 지역별 이탈 신호를 확인하는 데 사용한다.,6141,1,0,1,0.0,1.0,0.0,100.0,processed\column_split_datasets\02_category_value_subsets\Billing_ZIP\zip_6141_churn.csv
청구 우편번호,고객 청구지 우편번호다. 지역별 이탈 신호를 확인하는 데 사용한다.,6145,1,0,1,0.0,1.0,0.0,100.0,processed\column_split_datasets\02_category_value_subsets\Billing_ZIP\zip_6145_churn.csv
청구 우편번호,고객 청구지 우편번호다. 지역별 이탈 신호를 확인하는 데 사용한다.,6148,1,0,1,0.0,1.0,0.0,100.0,processed\column_split_datasets\02_category_value_subsets\Billing_ZIP\zip_6148_churn.csv
청구 우편번호,고객 청구지 우편번호다. 지역별 이탈 신호를 확인하는 데 사용한다.,6149,1,0,1,0.0,1.0,0.0,100.0,processed\column_split_datasets\02_category_value_subsets\Billing_ZIP\zip_6149_churn.csv
청구 우편번호,고객 청구지 우편번호다. 지역별 이탈 신호를 확인하는 데 사용한다.,6150,1,0,1,0.0,1.0,0.0,100.0,processed\column_split_datasets\02_category_value_subsets\Billing_ZIP\zip_6150_churn.csv
청구 우편번호,고객 청구지 우편번호다. 지역별 이탈 신호를 확인하는 데 사용한다.,6152,1,0,1,0.0,1.0,0.0,100.0,processed\column_split_datasets\02_category_value_subsets\Billing_ZIP\zip_6152_churn.csv
청구 우편번호,고객 청구지 우편번호다. 지역별 이탈 신호를 확인하는 데 사용한다.,6153,1,0,1,0.0,1.0,0.0,100.0,processed\column_split_datasets\02_category_value_subsets\Billing_ZIP\zip_6153_churn.csv
청구 우편번호,고객 청구지 우편번호다. 지역별 이탈 신호를 확인하는 데 사용한다.,6171,1,0,1,0.0,1.0,0.0,100.0,processed\column_split_datasets\02_category_value_subsets\Billing_ZIP\zip_6171_churn.csv
청구 우편번호,고객 청구지 우편번호다. 지역별 이탈 신호를 확인하는 데 사용한다.,6172,1,0,1,0.0,1.0,0.0,100.0,processed\column_split_datasets\02_category_value_subsets\Billing_ZIP\zip_6172_churn.csv
청구 우편번호,고객 청구지 우편번호다. 지역별 이탈 신호를 확인하는 데 사용한다.,6215,1,0,1,0.0,1.0,0.0,100.0,processed\column_split_datasets\02_category_value_subsets\Billing_ZIP\zip_6215_churn.csv
청구 우편번호,고객 청구지 우편번호다. 지역별 이탈 신호를 확인하는 데 사용한다.,6218,1,0,1,0.0,1.0,0.0,100.0,processed\column_split_datasets\02_category_value_subsets\Billing_ZIP\zip_6218_churn.csv
청구 우편번호,고객 청구지 우편번호다. 지역별 이탈 신호를 확인하는 데 사용한다.,6238,1,0,1,0.0,1.0,0.0,100.0,processed\column_split_datasets\02_category_value_subsets\Billing_ZIP\zip_6238_churn.csv
청구 우편번호,고객 청구지 우편번호다. 지역별 이탈 신호를 확인하는 데 사용한다.,6258,1,0,1,0.0,1.0,0.0,100.0,processed\column_split_datasets\02_category_value_subsets\Billing_ZIP\zip_6258_churn.csv
청구 우편번호,고객 청구지 우편번호다. 지역별 이탈 신호를 확인하는 데 사용한다.,6266,1,0,1,0.0,1.0,0.0,100.0,processed\column_split_datasets\02_category_value_subsets\Billing_ZIP\zip_6266_churn.csv
청구 우편번호,고객 청구지 우편번호다. 지역별 이탈 신호를 확인하는 데 사용한다.,6269,1,0,1,0.0,1.0,0.0,100.0,processed\column_split_datasets\02_category_value_subsets\Billing_ZIP\zip_6269_churn.csv
청구 우편번호,고객 청구지 우편번호다. 지역별 이탈 신호를 확인하는 데 사용한다.,6270,1,0,1,0.0,1.0,0.0,100.0,processed\column_split_datasets\02_category_value_subsets\Billing_ZIP\zip_6270_churn.csv
청구 우편번호,고객 청구지 우편번호다. 지역별 이탈 신호를 확인하는 데 사용한다.,6272,1,0,1,0.0,1.0,0.0,100.0,processed\column_split_datasets\02_category_value_subsets\Billing_ZIP\zip_6272_churn.csv
청구 우편번호,고객 청구지 우편번호다. 지역별 이탈 신호를 확인하는 데 사용한다.,6275,1,0,1,0.0,1.0,0.0,100.0,processed\column_split_datasets\02_category_value_subsets\Billing_ZIP\zip_6275_churn.csv
청구 우편번호,고객 청구지 우편번호다. 지역별 이탈 신호를 확인하는 데 사용한다.,6279,1,0,1,0.0,1.0,0.0,100.0,processed\column_split_datasets\02_category_value_subsets\Billing_ZIP\zip_6279_churn.csv
청구 우편번호,고객 청구지 우편번호다. 지역별 이탈 신호를 확인하는 데 사용한다.,6285,1,0,1,0.0,1.0,0.0,100.0,processed\column_split_datasets\02_category_value_subsets\Billing_ZIP\zip_6285_churn.csv
청구 우편번호,고객 청구지 우편번호다. 지역별 이탈 신호를 확인하는 데 사용한다.,6292,1,0,1,0.0,1.0,0.0,100.0,processed\column_split_datasets\02_category_value_subsets\Billing_ZIP\zip_6292_churn.csv
청구 우편번호,고객 청구지 우편번호다. 지역별 이탈 신호를 확인하는 데 사용한다.,6310,1,0,1,0.0,1.0,0.0,100.0,processed\column_split_datasets\02_category_value_subsets\Billing_ZIP\zip_6310_churn.csv
청구 우편번호,고객 청구지 우편번호다. 지역별 이탈 신호를 확인하는 데 사용한다.,6372,1,0,1,0.0,1.0,0.0,100.0,processed\column_split_datasets\02_category_value_subsets\Billing_ZIP\zip_6372_churn.csv
청구 우편번호,고객 청구지 우편번호다. 지역별 이탈 신호를 확인하는 데 사용한다.,6380,1,0,1,0.0,1.0,0.0,100.0,processed\column_split_datasets\02_category_value_subsets\Billing_ZIP\zip_6380_churn.csv
청구 우편번호,고객 청구지 우편번호다. 지역별 이탈 신호를 확인하는 데 사용한다.,6430,1,0,1,0.0,1.0,0.0,100.0,processed\column_split_datasets\02_category_value_subsets\Billing_ZIP\zip_6430_churn.csv
청구 우편번호,고객 청구지 우편번호다. 지역별 이탈 신호를 확인하는 데 사용한다.,6432,1,0,1,0.0,1.0,0.0,100.0,processed\column_split_datasets\02_category_value_subsets\Billing_ZIP\zip_6432_churn.csv
청구 우편번호,고객 청구지 우편번호다. 지역별 이탈 신호를 확인하는 데 사용한다.,6440,1,0,1,0.0,1.0,0.0,100.0,processed\column_split_datasets\02_category_value_subsets\Billing_ZIP\zip_6440_churn.csv
청구 우편번호,고객 청구지 우편번호다. 지역별 이탈 신호를 확인하는 데 사용한다.,6442,1,0,1,0.0,1.0,0.0,100.0,processed\column_split_datasets\02_category_value_subsets\Billing_ZIP\zip_6442_churn.csv
청구 우편번호,고객 청구지 우편번호다. 지역별 이탈 신호를 확인하는 데 사용한다.,6460,1,0,1,0.0,1.0,0.0,100.0,processed\column_split_datasets\02_category_value_subsets\Billing_ZIP\zip_6460_churn.csv
청구 우편번호,고객 청구지 우편번호다. 지역별 이탈 신호를 확인하는 데 사용한다.,6465,1,0,1,0.0,1.0,0.0,100.0,processed\column_split_datasets\02_category_value_subsets\Billing_ZIP\zip_6465_churn.csv
청구 우편번호,고객 청구지 우편번호다. 지역별 이탈 신호를 확인하는 데 사용한다.,6480,1,0,1,0.0,1.0,0.0,100.0,processed\column_split_datasets\02_category_value_subsets\Billing_ZIP\zip_6480_churn.csv
청구 우편번호,고객 청구지 우편번호다. 지역별 이탈 신호를 확인하는 데 사용한다.,6530,1,0,1,0.0,1.0,0.0,100.0,processed\column_split_datasets\02_category_value_subsets\Billing_ZIP\zip_6530_churn.csv
청구 우편번호,고객 청구지 우편번호다. 지역별 이탈 신호를 확인하는 데 사용한다.,6568,1,0,1,0.0,1.0,0.0,100.0,processed\column_split_datasets\02_category_value_subsets\Billing_ZIP\zip_6568_churn.csv
청구 우편번호,고객 청구지 우편번호다. 지역별 이탈 신호를 확인하는 데 사용한다.,6607,1,0,1,0.0,1.0,0.0,100.0,processed\column_split_datasets\02_category_value_subsets\Billing_ZIP\zip_6607_churn.csv
청구 우편번호,고객 청구지 우편번호다. 지역별 이탈 신호를 확인하는 데 사용한다.,6631,1,0,1,0.0,1.0,0.0,100.0,processed\column_split_datasets\02_category_value_subsets\Billing_ZIP\zip_6631_churn.csv
청구 우편번호,고객 청구지 우편번호다. 지역별 이탈 신호를 확인하는 데 사용한다.,6641,1,0,1,0.0,1.0,0.0,100.0,processed\column_split_datasets\02_category_value_subsets\Billing_ZIP\zip_6641_churn.csv
청구 우편번호,고객 청구지 우편번호다. 지역별 이탈 신호를 확인하는 데 사용한다.,6826,1,0,1,0.0,1.0,0.0,100.0,processed\column_split_datasets\02_category_value_subsets\Billing_ZIP\zip_6826_churn.csv
청구 우편번호,고객 청구지 우편번호다. 지역별 이탈 신호를 확인하는 데 사용한다.,6830,1,0,1,0.0,1.0,0.0,100.0,processed\column_split_datasets\02_category_value_subsets\Billing_ZIP\zip_6830_churn.csv
청구 우편번호,고객 청구지 우편번호다. 지역별 이탈 신호를 확인하는 데 사용한다.,6858,1,0,1,0.0,1.0,0.0,100.0,processed\column_split_datasets\02_category_value_subsets\Billing_ZIP\zip_6858_churn.csv
청구 우편번호,고객 청구지 우편번호다. 지역별 이탈 신호를 확인하는 데 사용한다.,6860,1,0,1,0.0,1.0,0.0,100.0,processed\column_split_datasets\02_category_value_subsets\Billing_ZIP\zip_6860_churn.csv
청구 우편번호,고객 청구지 우편번호다. 지역별 이탈 신호를 확인하는 데 사용한다.,6861,1,0,1,0.0,1.0,0.0,100.0,processed\column_split_datasets\02_category_value_subsets\Billing_ZIP\zip_6861_churn.csv
청구 우편번호,고객 청구지 우편번호다. 지역별 이탈 신호를 확인하는 데 사용한다.,6865,1,0,1,0.0,1.0,0.0,100.0,processed\column_split_datasets\02_category_value_subsets\Billing_ZIP\zip_6865_churn.csv
청구 우편번호,고객 청구지 우편번호다. 지역별 이탈 신호를 확인하는 데 사용한다.,6870,1,0,1,0.0,1.0,0.0,100.0,processed\column_split_datasets\02_category_value_subsets\Billing_ZIP\zip_6870_churn.csv
청구 우편번호,고객 청구지 우편번호다. 지역별 이탈 신호를 확인하는 데 사용한다.,6872,1,0,1,0.0,1.0,0.0,100.0,processed\column_split_datasets\02_category_value_subsets\Billing_ZIP\zip_6872_churn.csv
청구 우편번호,고객 청구지 우편번호다. 지역별 이탈 신호를 확인하는 데 사용한다.,6875,1,0,1,0.0,1.0,0.0,100.0,processed\column_split_datasets\02_category_value_subsets\Billing_ZIP\zip_6875_churn.csv
청구 우편번호,고객 청구지 우편번호다. 지역별 이탈 신호를 확인하는 데 사용한다.,6880,1,0,1,0.0,1.0,0.0,100.0,processed\column_split_datasets\02_category_value_subsets\Billing_ZIP\zip_6880_churn.csv
청구 우편번호,고객 청구지 우편번호다. 지역별 이탈 신호를 확인하는 데 사용한다.,6885,1,0,1,0.0,1.0,0.0,100.0,processed\column_split_datasets\02_category_value_subsets\Billing_ZIP\zip_6885_churn.csv
청구 우편번호,고객 청구지 우편번호다. 지역별 이탈 신호를 확인하는 데 사용한다.,7005,1,0,1,0.0,1.0,0.0,100.0,processed\column_split_datasets\02_category_value_subsets\Billing_ZIP\zip_7005_churn.csv
청구 우편번호,고객 청구지 우편번호다. 지역별 이탈 신호를 확인하는 데 사용한다.,7007,1,0,1,0.0,1.0,0.0,100.0,processed\column_split_datasets\02_category_value_subsets\Billing_ZIP\zip_7007_churn.csv
청구 우편번호,고객 청구지 우편번호다. 지역별 이탈 신호를 확인하는 데 사용한다.,7300,1,0,1,0.0,1.0,0.0,100.0,processed\column_split_datasets\02_category_value_subsets\Billing_ZIP\zip_7300_churn.csv
청구 우편번호,고객 청구지 우편번호다. 지역별 이탈 신호를 확인하는 데 사용한다.,7500,1,0,1,0.0,1.0,0.0,100.0,processed\column_split_datasets\02_category_value_subsets\Billing_ZIP\zip_7500_churn.csv
청구 우편번호,고객 청구지 우편번호다. 지역별 이탈 신호를 확인하는 데 사용한다.,8005,1,0,1,0.0,1.0,0.0,100.0,processed\column_split_datasets\02_category_value_subsets\Billing_ZIP\zip_8005_churn.csv
청구 우편번호,고객 청구지 우편번호다. 지역별 이탈 신호를 확인하는 데 사용한다.,8241,1,0,1,0.0,1.0,0.0,100.0,processed\column_split_datasets\02_category_value_subsets\Billing_ZIP\zip_8241_churn.csv
청구 우편번호,고객 청구지 우편번호다. 지역별 이탈 신호를 확인하는 데 사용한다.,8260,1,0,1,0.0,1.0,0.0,100.0,processed\column_split_datasets\02_category_value_subsets\Billing_ZIP\zip_8260_churn.csv
청구 우편번호,고객 청구지 우편번호다. 지역별 이탈 신호를 확인하는 데 사용한다.,8444,1,0,1,0.0,1.0,0.0,100.0,processed\column_split_datasets\02_category_value_subsets\Billing_ZIP\zip_8444_churn.csv
청구 우편번호,고객 청구지 우편번호다. 지역별 이탈 신호를 확인하는 데 사용한다.,8470,1,0,1,0.0,1.0,0.0,100.0,processed\column_split_datasets\02_category_value_subsets\Billing_ZIP\zip_8470_churn.csv
청구 우편번호,고객 청구지 우편번호다. 지역별 이탈 신호를 확인하는 데 사용한다.,8631,1,0,1,0.0,1.0,0.0,100.0,processed\column_split_datasets\02_category_value_subsets\Billing_ZIP\zip_8631_churn.csv
청구 우편번호,고객 청구지 우편번호다. 지역별 이탈 신호를 확인하는 데 사용한다.,8875,1,0,1,0.0,1.0,0.0,100.0,processed\column_split_datasets\02_category_value_subsets\Billing_ZIP\zip_8875_churn.csv
청구 우편번호,고객 청구지 우편번호다. 지역별 이탈 신호를 확인하는 데 사용한다.,8881,1,0,1,0.0,1.0,0.0,100.0,processed\column_split_datasets\02_category_value_subsets\Billing_ZIP\zip_8881_churn.csv
청구 우편번호,고객 청구지 우편번호다. 지역별 이탈 신호를 확인하는 데 사용한다.,8919,1,0,1,0.0,1.0,0.0,100.0,processed\column_split_datasets\02_category_value_subsets\Billing_ZIP\zip_8919_churn.csv
청구 우편번호,고객 청구지 우편번호다. 지역별 이탈 신호를 확인하는 데 사용한다.,8939,1,0,1,0.0,1.0,0.0,100.0,processed\column_split_datasets\02_category_value_subsets\Billing_ZIP\zip_8939_churn.csv
청구 우편번호,고객 청구지 우편번호다. 지역별 이탈 신호를 확인하는 데 사용한다.,8947,1,0,1,0.0,1.0,0.0,100.0,processed\column_split_datasets\02_category_value_subsets\Billing_ZIP\zip_8947_churn.csv
청구 우편번호,고객 청구지 우편번호다. 지역별 이탈 신호를 확인하는 데 사용한다.,8948,1,0,1,0.0,1.0,0.0,100.0,processed\column_split_datasets\02_category_value_subsets\Billing_ZIP\zip_8948_churn.csv
청구 우편번호,고객 청구지 우편번호다. 지역별 이탈 신호를 확인하는 데 사용한다.,8960,1,0,1,0.0,1.0,0.0,100.0,processed\column_split_datasets\02_category_value_subsets\Billing_ZIP\zip_8960_churn.csv
청구 우편번호,고객 청구지 우편번호다. 지역별 이탈 신호를 확인하는 데 사용한다.,9000,1,0,1,0.0,1.0,0.0,100.0,processed\column_split_datasets\02_category_value_subsets\Billing_ZIP\zip_9000_churn.csv
청구 우편번호,고객 청구지 우편번호다. 지역별 이탈 신호를 확인하는 데 사용한다.,9101,1,0,1,0.0,1.0,0.0,100.0,processed\column_split_datasets\02_category_value_subsets\Billing_ZIP\zip_9101_churn.csv
청구 우편번호,고객 청구지 우편번호다. 지역별 이탈 신호를 확인하는 데 사용한다.,9283,1,0,1,0.0,1.0,0.0,100.0,processed\column_split_datasets\02_category_value_subsets\Billing_ZIP\zip_9283_churn.csv
청구 우편번호,고객 청구지 우편번호다. 지역별 이탈 신호를 확인하는 데 사용한다.,9644,1,0,1,0.0,1.0,0.0,100.0,processed\column_split_datasets\02_category_value_subsets\Billing_ZIP\zip_9644_churn.csv
