한글컬럼명,간단설명,값_또는_구간,전체건수,이탈Yes수,잔류No수,이탈률,잔류율,이탈률_퍼센트,잔류율_퍼센트,파일경로
CRM 고객가치 등급,"CRM 기준 고객가치 등급이다. Bronze, Silver, Gold, Platinum, SME 등으로 구분된다.",SME,284,25,259,0.0880281690140845,0.9119718309859155,8.80281690140845,91.19718309859155,processed\column_split_datasets\02_category_value_subsets\CRM_PID_Value_Segment\SME_churn.csv
CRM 고객가치 등급,"CRM 기준 고객가치 등급이다. Bronze, Silver, Gold, Platinum, SME 등으로 구분된다.",Platinum,537,46,491,0.0856610800744879,0.9143389199255121,8.56610800744879,91.43389199255121,processed\column_split_datasets\02_category_value_subsets\CRM_PID_Value_Segment\Platinum_churn.csv
CRM 고객가치 등급,"CRM 기준 고객가치 등급이다. Bronze, Silver, Gold, Platinum, SME 등으로 구분된다.",Gold,1453,117,1336,0.0805230557467309,0.9194769442532691,8.05230557467309,91.94769442532692,processed\column_split_datasets\02_category_value_subsets\CRM_PID_Value_Segment\Gold_churn.csv
CRM 고객가치 등급,"CRM 기준 고객가치 등급이다. Bronze, Silver, Gold, Platinum, SME 등으로 구분된다.",Silver,2040,146,1894,0.07156862745098039,0.9284313725490196,7.156862745098039,92.84313725490196,processed\column_split_datasets\02_category_value_subsets\CRM_PID_Value_Segment\Silver_churn.csv
CRM 고객가치 등급,"CRM 기준 고객가치 등급이다. Bronze, Silver, Gold, Platinum, SME 등으로 구분된다.",Bronze,3820,205,3615,0.05366492146596859,0.9463350785340314,5.366492146596859,94.63350785340315,processed\column_split_datasets\02_category_value_subsets\CRM_PID_Value_Segment\Bronze_churn.csv
CRM 고객가치 등급,"CRM 기준 고객가치 등급이다. Bronze, Silver, Gold, Platinum, SME 등으로 구분된다.",Iron,246,9,237,0.036585365853658534,0.9634146341463414,3.6585365853658534,96.34146341463415,processed\column_split_datasets\02_category_value_subsets\CRM_PID_Value_Segment\Iron_churn.csv
CRM 고객가치 등급,"CRM 기준 고객가치 등급이다. Bronze, Silver, Gold, Platinum, SME 등으로 구분된다.",SE,41,1,40,0.024390243902439025,0.975609756097561,2.4390243902439024,97.5609756097561,processed\column_split_datasets\02_category_value_subsets\CRM_PID_Value_Segment\SE_churn.csv
CRM 고객가치 등급,"CRM 기준 고객가치 등급이다. Bronze, Silver, Gold, Platinum, SME 등으로 구분된다.",Lead,27,0,27,0.0,1.0,0.0,100.0,processed\column_split_datasets\02_category_value_subsets\CRM_PID_Value_Segment\Lead_churn.csv
CRM 고객가치 등급,"CRM 기준 고객가치 등급이다. Bronze, Silver, Gold, Platinum, SME 등으로 구분된다.",missing,5,0,5,0.0,1.0,0.0,100.0,processed\column_split_datasets\02_category_value_subsets\CRM_PID_Value_Segment\missing_churn.csv
