case_label,variant,model,topk_pct,contacts,tp,fp,fn,tn,recall_at_k,precision_at_k,lift_vs_random,net_benefit,paper_multiple
LR_no_zip_f1,without_billing_zip,LogisticRegression_SMOTE,0.05,84,9,75,100,1504,0.08256880733944955,0.10714285714285714,1.659239842726081,20160.0,0.27169811320754716
LR_no_zip_f1,without_billing_zip,LogisticRegression_SMOTE,0.1,169,23,146,86,1433,0.21100917431192662,0.13609467455621302,2.107594593127409,57000.0,0.7681940700808625
LR_no_zip_f1,without_billing_zip,LogisticRegression_SMOTE,0.15,253,29,224,80,1355,0.26605504587155965,0.11462450592885376,1.7751024404394968,67080.0,0.9040431266846362
LR_no_zip_f1,without_billing_zip,LogisticRegression_SMOTE,0.2,338,32,306,77,1273,0.29357798165137616,0.09467455621301775,1.4661527604364584,66960.0,0.9024258760107817
LR_no_zip_f1,without_billing_zip,LogisticRegression_SMOTE,0.25,422,38,384,71,1195,0.3486238532110092,0.09004739336492891,1.3944954128440368,77040.0,1.0382749326145553
LR_no_zip_f1,without_billing_zip,LogisticRegression_SMOTE,0.3,506,40,466,69,1113,0.3669724770642202,0.07905138339920949,1.224208579613446,73680.0,0.9929919137466308
LR_no_zip_f1,without_billing_zip,LogisticRegression_SMOTE,0.4,675,51,624,58,955,0.46788990825688076,0.07555555555555556,1.170071355759429,90360.0,1.217789757412399
LR_no_zip_f1,without_billing_zip,LogisticRegression_SMOTE,0.5,844,63,781,46,798,0.5779816513761468,0.07464454976303317,1.1559633027522935,110400.0,1.4878706199460916
LR_no_zip_f1,without_billing_zip,LogisticRegression_SMOTE,0.75,1266,91,1175,18,404,0.8348623853211009,0.07187993680884676,1.1131498470948011,153840.0,2.0733153638814015
LR_no_zip_f1,without_billing_zip,LogisticRegression_SMOTE,1.0,1688,109,1579,0,0,1.0,0.06457345971563981,1.0,163680.0,2.2059299191374664
LR_with_zip_recall_constraint,with_billing_zip,LogisticRegression_SMOTE,0.05,84,4,80,105,1499,0.03669724770642202,0.047619047619047616,0.7374399301004805,3360.0,0.045283018867924525
LR_with_zip_recall_constraint,with_billing_zip,LogisticRegression_SMOTE,0.1,169,16,153,93,1426,0.14678899082568808,0.09467455621301775,1.4661527604364584,33480.0,0.45121293800539086
LR_with_zip_recall_constraint,with_billing_zip,LogisticRegression_SMOTE,0.15,253,25,228,84,1351,0.22935779816513763,0.09881422924901186,1.5302607245168074,53640.0,0.722911051212938
LR_with_zip_recall_constraint,with_billing_zip,LogisticRegression_SMOTE,0.2,338,33,305,76,1274,0.30275229357798167,0.09763313609467456,1.5119700342000977,70320.0,0.9477088948787062
LR_with_zip_recall_constraint,with_billing_zip,LogisticRegression_SMOTE,0.25,422,37,385,72,1194,0.3394495412844037,0.08767772511848342,1.3577981651376148,73680.0,0.9929919137466308
LR_with_zip_recall_constraint,with_billing_zip,LogisticRegression_SMOTE,0.3,506,40,466,69,1113,0.3669724770642202,0.07905138339920949,1.224208579613446,73680.0,0.9929919137466308
LR_with_zip_recall_constraint,with_billing_zip,LogisticRegression_SMOTE,0.4,675,56,619,53,960,0.5137614678899083,0.08296296296296296,1.2847842337750595,107160.0,1.4442048517520216
LR_with_zip_recall_constraint,with_billing_zip,LogisticRegression_SMOTE,0.5,844,66,778,43,801,0.6055045871559633,0.07819905213270142,1.2110091743119267,120480.0,1.6237196765498652
LR_with_zip_recall_constraint,with_billing_zip,LogisticRegression_SMOTE,0.75,1266,91,1175,18,404,0.8348623853211009,0.07187993680884676,1.1131498470948011,153840.0,2.0733153638814015
LR_with_zip_recall_constraint,with_billing_zip,LogisticRegression_SMOTE,1.0,1688,109,1579,0,0,1.0,0.06457345971563981,1.0,163680.0,2.2059299191374664
BalancedBagging_with_zip,with_billing_zip,BalancedBagging_original,0.05,84,10,74,99,1505,0.09174311926605505,0.11904761904761904,1.8435998252512014,23520.0,0.3169811320754717
BalancedBagging_with_zip,with_billing_zip,BalancedBagging_original,0.1,169,16,153,93,1426,0.14678899082568808,0.09467455621301775,1.4661527604364584,33480.0,0.45121293800539086
BalancedBagging_with_zip,with_billing_zip,BalancedBagging_original,0.15,253,20,233,89,1346,0.1834862385321101,0.07905138339920949,1.224208579613446,36840.0,0.4964959568733154
BalancedBagging_with_zip,with_billing_zip,BalancedBagging_original,0.2,338,32,306,77,1273,0.29357798165137616,0.09467455621301775,1.4661527604364584,66960.0,0.9024258760107817
BalancedBagging_with_zip,with_billing_zip,BalancedBagging_original,0.25,422,37,385,72,1194,0.3394495412844037,0.08767772511848342,1.3577981651376148,73680.0,0.9929919137466308
BalancedBagging_with_zip,with_billing_zip,BalancedBagging_original,0.3,506,43,463,66,1116,0.3944954128440367,0.08498023715415019,1.3160242230844543,83760.0,1.1288409703504043
BalancedBagging_with_zip,with_billing_zip,BalancedBagging_original,0.4,675,61,614,48,965,0.5596330275229358,0.09037037037037036,1.3994971117906896,123960.0,1.6706199460916442
BalancedBagging_with_zip,with_billing_zip,BalancedBagging_original,0.5,844,66,778,43,801,0.6055045871559633,0.07819905213270142,1.2110091743119267,120480.0,1.6237196765498652
BalancedBagging_with_zip,with_billing_zip,BalancedBagging_original,0.75,1266,88,1178,21,401,0.8073394495412844,0.06951026856240126,1.0764525993883791,143760.0,1.9374663072776281
BalancedBagging_with_zip,with_billing_zip,BalancedBagging_original,1.0,1688,109,1579,0,0,1.0,0.06457345971563981,1.0,163680.0,2.2059299191374664
BalancedBagging_no_zip,without_billing_zip,BalancedBagging_original,0.05,84,8,76,101,1503,0.07339449541284404,0.09523809523809523,1.474879860200961,16800.0,0.22641509433962265
BalancedBagging_no_zip,without_billing_zip,BalancedBagging_original,0.1,169,12,157,97,1422,0.11009174311926606,0.07100591715976332,1.0996145703273439,20040.0,0.27008086253369273
BalancedBagging_no_zip,without_billing_zip,BalancedBagging_original,0.15,253,21,232,88,1347,0.1926605504587156,0.08300395256916997,1.2854190085941184,40200.0,0.5417789757412399
BalancedBagging_no_zip,without_billing_zip,BalancedBagging_original,0.2,338,25,313,84,1266,0.22935779816513763,0.07396449704142012,1.1454318440909832,43440.0,0.58544474393531
BalancedBagging_no_zip,without_billing_zip,BalancedBagging_original,0.25,422,32,390,77,1189,0.29357798165137616,0.07582938388625593,1.1743119266055047,56880.0,0.7665768194070081
BalancedBagging_no_zip,without_billing_zip,BalancedBagging_original,0.3,506,38,468,71,1111,0.3486238532110092,0.07509881422924901,1.1629981506327736,66960.0,0.9024258760107817
BalancedBagging_no_zip,without_billing_zip,BalancedBagging_original,0.4,675,57,618,52,961,0.5229357798165137,0.08444444444444445,1.3077268093781855,110520.0,1.4894878706199461
BalancedBagging_no_zip,without_billing_zip,BalancedBagging_original,0.5,844,62,782,47,797,0.5688073394495413,0.07345971563981042,1.1376146788990824,107040.0,1.442587601078167
BalancedBagging_no_zip,without_billing_zip,BalancedBagging_original,0.75,1266,87,1179,22,400,0.7981651376146789,0.06872037914691943,1.0642201834862386,140400.0,1.8921832884097034
BalancedBagging_no_zip,without_billing_zip,BalancedBagging_original,1.0,1688,109,1579,0,0,1.0,0.06457345971563981,1.0,163680.0,2.2059299191374664
EasyEnsemble_with_zip,with_billing_zip,EasyEnsemble_original,0.05,84,11,73,98,1506,0.10091743119266056,0.13095238095238096,2.0279598077763215,26880.0,0.3622641509433962
EasyEnsemble_with_zip,with_billing_zip,EasyEnsemble_original,0.1,169,13,156,96,1423,0.11926605504587157,0.07692307692307693,1.1912491178546225,23400.0,0.31536388140161725
EasyEnsemble_with_zip,with_billing_zip,EasyEnsemble_original,0.15,253,22,231,87,1348,0.2018348623853211,0.08695652173913043,1.3466294375747905,43560.0,0.5870619946091644
EasyEnsemble_with_zip,with_billing_zip,EasyEnsemble_original,0.2,338,29,309,80,1270,0.26605504587155965,0.08579881656804733,1.3287009391455402,56880.0,0.7665768194070081
EasyEnsemble_with_zip,with_billing_zip,EasyEnsemble_original,0.25,422,41,381,68,1198,0.3761467889908257,0.0971563981042654,1.5045871559633028,87120.0,1.1741239892183288
EasyEnsemble_with_zip,with_billing_zip,EasyEnsemble_original,0.3,506,46,460,63,1119,0.42201834862385323,0.09090909090909091,1.407839866555463,93840.0,1.2646900269541779
EasyEnsemble_with_zip,with_billing_zip,EasyEnsemble_original,0.4,675,51,624,58,955,0.46788990825688076,0.07555555555555556,1.170071355759429,90360.0,1.217789757412399
EasyEnsemble_with_zip,with_billing_zip,EasyEnsemble_original,0.5,844,58,786,51,793,0.5321100917431193,0.06872037914691943,1.0642201834862386,93600.0,1.261455525606469
EasyEnsemble_with_zip,with_billing_zip,EasyEnsemble_original,0.75,1266,90,1176,19,403,0.8256880733944955,0.07109004739336493,1.1009174311926606,150480.0,2.028032345013477
EasyEnsemble_with_zip,with_billing_zip,EasyEnsemble_original,1.0,1688,109,1579,0,0,1.0,0.06457345971563981,1.0,163680.0,2.2059299191374664
CatBoost_native_with_zip,with_billing_zip,CatBoost_native_categorical,0.05,84,9,75,100,1504,0.08256880733944955,0.10714285714285714,1.659239842726081,20160.0,0.27169811320754716
CatBoost_native_with_zip,with_billing_zip,CatBoost_native_categorical,0.1,169,15,154,94,1425,0.13761467889908258,0.08875739644970414,1.3745182129091797,30120.0,0.4059299191374663
CatBoost_native_with_zip,with_billing_zip,CatBoost_native_categorical,0.15,253,18,235,91,1344,0.1651376146788991,0.07114624505928854,1.1017877216521015,30120.0,0.4059299191374663
CatBoost_native_with_zip,with_billing_zip,CatBoost_native_categorical,0.2,338,26,312,83,1267,0.23853211009174313,0.07692307692307693,1.1912491178546225,46800.0,0.6307277628032345
CatBoost_native_with_zip,with_billing_zip,CatBoost_native_categorical,0.25,422,32,390,77,1189,0.29357798165137616,0.07582938388625593,1.1743119266055047,56880.0,0.7665768194070081
CatBoost_native_with_zip,with_billing_zip,CatBoost_native_categorical,0.3,506,41,465,68,1114,0.3761467889908257,0.08102766798418973,1.2548137941037822,77040.0,1.0382749326145553
CatBoost_native_with_zip,with_billing_zip,CatBoost_native_categorical,0.4,675,53,622,56,957,0.48623853211009177,0.07851851851851852,1.2159565069656812,97080.0,1.308355795148248
CatBoost_native_with_zip,with_billing_zip,CatBoost_native_categorical,0.5,844,65,779,44,800,0.5963302752293578,0.07701421800947868,1.1926605504587156,117120.0,1.5784366576819406
CatBoost_native_with_zip,with_billing_zip,CatBoost_native_categorical,0.75,1266,91,1175,18,404,0.8348623853211009,0.07187993680884676,1.1131498470948011,153840.0,2.0733153638814015
CatBoost_native_with_zip,with_billing_zip,CatBoost_native_categorical,1.0,1688,109,1579,0,0,1.0,0.06457345971563981,1.0,163680.0,2.2059299191374664
CatBoost_balanced_with_zip,with_billing_zip,CatBoost_original_balanced,0.05,84,9,75,100,1504,0.08256880733944955,0.10714285714285714,1.659239842726081,20160.0,0.27169811320754716
CatBoost_balanced_with_zip,with_billing_zip,CatBoost_original_balanced,0.1,169,17,152,92,1427,0.1559633027522936,0.10059171597633136,1.557787307963737,36840.0,0.4964959568733154
CatBoost_balanced_with_zip,with_billing_zip,CatBoost_original_balanced,0.15,253,25,228,84,1351,0.22935779816513763,0.09881422924901186,1.5302607245168074,53640.0,0.722911051212938
CatBoost_balanced_with_zip,with_billing_zip,CatBoost_original_balanced,0.2,338,29,309,80,1270,0.26605504587155965,0.08579881656804733,1.3287009391455402,56880.0,0.7665768194070081
CatBoost_balanced_with_zip,with_billing_zip,CatBoost_original_balanced,0.25,422,36,386,73,1193,0.3302752293577982,0.08530805687203792,1.3211009174311927,70320.0,0.9477088948787062
CatBoost_balanced_with_zip,with_billing_zip,CatBoost_original_balanced,0.3,506,41,465,68,1114,0.3761467889908257,0.08102766798418973,1.2548137941037822,77040.0,1.0382749326145553
CatBoost_balanced_with_zip,with_billing_zip,CatBoost_original_balanced,0.4,675,54,621,55,958,0.4954128440366973,0.08,1.2388990825688073,100440.0,1.3536388140161726
CatBoost_balanced_with_zip,with_billing_zip,CatBoost_original_balanced,0.5,844,66,778,43,801,0.6055045871559633,0.07819905213270142,1.2110091743119267,120480.0,1.6237196765498652
CatBoost_balanced_with_zip,with_billing_zip,CatBoost_original_balanced,0.75,1266,90,1176,19,403,0.8256880733944955,0.07109004739336493,1.1009174311926606,150480.0,2.028032345013477
CatBoost_balanced_with_zip,with_billing_zip,CatBoost_original_balanced,1.0,1688,109,1579,0,0,1.0,0.06457345971563981,1.0,163680.0,2.2059299191374664
XGBoost_with_zip,with_billing_zip,XGBoost_SMOTE,0.05,84,9,75,100,1504,0.08256880733944955,0.10714285714285714,1.659239842726081,20160.0,0.27169811320754716
XGBoost_with_zip,with_billing_zip,XGBoost_SMOTE,0.1,169,15,154,94,1425,0.13761467889908258,0.08875739644970414,1.3745182129091797,30120.0,0.4059299191374663
XGBoost_with_zip,with_billing_zip,XGBoost_SMOTE,0.15,253,20,233,89,1346,0.1834862385321101,0.07905138339920949,1.224208579613446,36840.0,0.4964959568733154
XGBoost_with_zip,with_billing_zip,XGBoost_SMOTE,0.2,338,22,316,87,1263,0.2018348623853211,0.0650887573964497,1.007980022800065,33360.0,0.4495956873315364
XGBoost_with_zip,with_billing_zip,XGBoost_SMOTE,0.25,422,27,395,82,1184,0.24770642201834864,0.06398104265402843,0.9908256880733944,40080.0,0.5401617250673855
XGBoost_with_zip,with_billing_zip,XGBoost_SMOTE,0.3,506,37,469,72,1110,0.3394495412844037,0.07312252964426877,1.1323929361424374,63600.0,0.8571428571428571
XGBoost_with_zip,with_billing_zip,XGBoost_SMOTE,0.4,675,46,629,63,950,0.42201834862385323,0.06814814814814815,1.055358477743799,73560.0,0.9913746630727763
XGBoost_with_zip,with_billing_zip,XGBoost_SMOTE,0.5,844,59,785,50,794,0.5412844036697247,0.06990521327014218,1.0825688073394495,96960.0,1.3067385444743935
XGBoost_with_zip,with_billing_zip,XGBoost_SMOTE,0.75,1266,88,1178,21,401,0.8073394495412844,0.06951026856240126,1.0764525993883791,143760.0,1.9374663072776281
XGBoost_with_zip,with_billing_zip,XGBoost_SMOTE,1.0,1688,109,1579,0,0,1.0,0.06457345971563981,1.0,163680.0,2.2059299191374664
